date,day_name,day_of_week,is_weekend,month,week_of_year,weather,event_flag,event_name,menu_id,menu_name,unit_price,qty_sold,gross_sales
08/27/2025,Rabu,3,0,8,35,Cerah,1,Periode Gajian,ayam_geprek,Ayam Geprek,18000,57,1026000
08/27/2025,Rabu,3,0,8,35,Cerah,1,Periode Gajian,nasi_goreng,Nasi Goreng,22000,48,1056000
08/27/2025,Rabu,3,0,8,35,Cerah,1,Periode Gajian,kopi_susu,Kopi Susu,16000,60,960000
08/27/2025,Rabu,3,0,8,35,Cerah,1,Periode Gajian,es_teh_manis,Es Teh Manis,8000,84,672000
08/27/2025,Rabu,3,0,8,35,Cerah,1,Periode Gajian,mie_goreng,Mie Goreng Spesial,15000,36,540000
08/27/2025,Rabu,3,0,8,35,Cerah,1,Periode Gajian,sate_ayam,Sate Ayam,25000,24,600000
08/27/2025,Rabu,3,0,8,35,Cerah,1,Periode Gajian,bakso_sapi,Bakso Sapi,15000,49,735000
08/27/2025,Rabu,3,0,8,35,Cerah,1,Periode Gajian,soto_ayam,Soto Ayam,18000,40,720000
08/27/2025,Rabu,3,0,8,35,Cerah,1,Periode Gajian,es_jeruk,Es Jeruk,10000,78,780000
08/27/2025,Rabu,3,0,8,35,Cerah,1,Periode Gajian,gorengan,Gorengan,2000,141,282000
08/28/2025,Kamis,4,0,8,35,Hujan,1,Periode Gajian,ayam_geprek,Ayam Geprek,18000,55,990000
08/28/2025,Kamis,4,0,8,35,Hujan,1,Periode Gajian,nasi_goreng,Nasi Goreng,22000,43,946000
08/28/2025,Kamis,4,0,8,35,Hujan,1,Periode Gajian,kopi_susu,Kopi Susu,16000,44,704000
08/28/2025,Kamis,4,0,8,35,Hujan,1,Periode Gajian,es_teh_manis,Es Teh Manis,8000,58,464000
08/28/2025,Kamis,4,0,8,35,Hujan,1,Periode Gajian,mie_goreng,Mie Goreng Spesial,15000,37,555000
08/28/2025,Kamis,4,0,8,35,Hujan,1,Periode Gajian,sate_ayam,Sate Ayam,25000,26,650000
08/28/2025,Kamis,4,0,8,35,Hujan,1,Periode Gajian,bakso_sapi,Bakso Sapi,15000,52,780000
08/28/2025,Kamis,4,0,8,35,Hujan,1,Periode Gajian,soto_ayam,Soto Ayam,18000,43,774000
08/28/2025,Kamis,4,0,8,35,Hujan,1,Periode Gajian,es_jeruk,Es Jeruk,10000,53,530000
08/28/2025,Kamis,4,0,8,35,Hujan,1,Periode Gajian,gorengan,Gorengan,2000,166,332000
08/29/2025,Jumat,5,0,8,35,Cerah,1,Periode Gajian,ayam_geprek,Ayam Geprek,18000,51,918000
08/29/2025,Jumat,5,0,8,35,Cerah,1,Periode Gajian,nasi_goreng,Nasi Goreng,22000,45,990000
08/29/2025,Jumat,5,0,8,35,Cerah,1,Periode Gajian,kopi_susu,Kopi Susu,16000,62,992000
08/29/2025,Jumat,5,0,8,35,Cerah,1,Periode Gajian,es_teh_manis,Es Teh Manis,8000,84,672000
08/29/2025,Jumat,5,0,8,35,Cerah,1,Periode Gajian,mie_goreng,Mie Goreng Spesial,15000,39,585000
08/29/2025,Jumat,5,0,8,35,Cerah,1,Periode Gajian,sate_ayam,Sate Ayam,25000,26,650000
08/29/2025,Jumat,5,0,8,35,Cerah,1,Periode Gajian,bakso_sapi,Bakso Sapi,15000,41,615000
08/29/2025,Jumat,5,0,8,35,Cerah,1,Periode Gajian,soto_ayam,Soto Ayam,18000,40,720000
08/29/2025,Jumat,5,0,8,35,Cerah,1,Periode Gajian,es_jeruk,Es Jeruk,10000,70,700000
08/29/2025,Jumat,5,0,8,35,Cerah,1,Periode Gajian,gorengan,Gorengan,2000,142,284000
08/30/2025,Sabtu,6,1,8,35,Hujan,1,Periode Gajian,ayam_geprek,Ayam Geprek,18000,68,1224000
08/30/2025,Sabtu,6,1,8,35,Hujan,1,Periode Gajian,nasi_goreng,Nasi Goreng,22000,58,1276000
08/30/2025,Sabtu,6,1,8,35,Hujan,1,Periode Gajian,kopi_susu,Kopi Susu,16000,54,864000
08/30/2025,Sabtu,6,1,8,35,Hujan,1,Periode Gajian,es_teh_manis,Es Teh Manis,8000,69,552000
08/30/2025,Sabtu,6,1,8,35,Hujan,1,Periode Gajian,mie_goreng,Mie Goreng Spesial,15000,49,735000
08/30/2025,Sabtu,6,1,8,35,Hujan,1,Periode Gajian,sate_ayam,Sate Ayam,25000,31,775000
08/30/2025,Sabtu,6,1,8,35,Hujan,1,Periode Gajian,bakso_sapi,Bakso Sapi,15000,58,870000
08/30/2025,Sabtu,6,1,8,35,Hujan,1,Periode Gajian,soto_ayam,Soto Ayam,18000,54,972000
08/30/2025,Sabtu,6,1,8,35,Hujan,1,Periode Gajian,es_jeruk,Es Jeruk,10000,57,570000
08/30/2025,Sabtu,6,1,8,35,Hujan,1,Periode Gajian,gorengan,Gorengan,2000,233,466000
08/31/2025,Minggu,7,1,8,35,Cerah,1,Periode Gajian,ayam_geprek,Ayam Geprek,18000,64,1152000
08/31/2025,Minggu,7,1,8,35,Cerah,1,Periode Gajian,nasi_goreng,Nasi Goreng,22000,53,1166000
08/31/2025,Minggu,7,1,8,35,Cerah,1,Periode Gajian,kopi_susu,Kopi Susu,16000,70,1120000
08/31/2025,Minggu,7,1,8,35,Cerah,1,Periode Gajian,es_teh_manis,Es Teh Manis,8000,109,872000
08/31/2025,Minggu,7,1,8,35,Cerah,1,Periode Gajian,mie_goreng,Mie Goreng Spesial,15000,44,660000
08/31/2025,Minggu,7,1,8,35,Cerah,1,Periode Gajian,sate_ayam,Sate Ayam,25000,34,850000
08/31/2025,Minggu,7,1,8,35,Cerah,1,Periode Gajian,bakso_sapi,Bakso Sapi,15000,58,870000
08/31/2025,Minggu,7,1,8,35,Cerah,1,Periode Gajian,soto_ayam,Soto Ayam,18000,51,918000
08/31/2025,Minggu,7,1,8,35,Cerah,1,Periode Gajian,es_jeruk,Es Jeruk,10000,97,970000
08/31/2025,Minggu,7,1,8,35,Cerah,1,Periode Gajian,gorengan,Gorengan,2000,191,382000
09/01/2025,Senin,1,0,9,36,Hujan,1,Periode Gajian,ayam_geprek,Ayam Geprek,18000,48,864000
09/01/2025,Senin,1,0,9,36,Hujan,1,Periode Gajian,nasi_goreng,Nasi Goreng,22000,43,946000
09/01/2025,Senin,1,0,9,36,Hujan,1,Periode Gajian,kopi_susu,Kopi Susu,16000,43,688000
09/01/2025,Senin,1,0,9,36,Hujan,1,Periode Gajian,es_teh_manis,Es Teh Manis,8000,60,480000
09/01/2025,Senin,1,0,9,36,Hujan,1,Periode Gajian,mie_goreng,Mie Goreng Spesial,15000,38,570000
09/01/2025,Senin,1,0,9,36,Hujan,1,Periode Gajian,sate_ayam,Sate Ayam,25000,25,625000
09/01/2025,Senin,1,0,9,36,Hujan,1,Periode Gajian,bakso_sapi,Bakso Sapi,15000,56,840000
09/01/2025,Senin,1,0,9,36,Hujan,1,Periode Gajian,soto_ayam,Soto Ayam,18000,44,792000
09/01/2025,Senin,1,0,9,36,Hujan,1,Periode Gajian,es_jeruk,Es Jeruk,10000,50,500000
09/01/2025,Senin,1,0,9,36,Hujan,1,Periode Gajian,gorengan,Gorengan,2000,181,362000
09/02/2025,Selasa,2,0,9,36,Cerah,1,Periode Gajian,ayam_geprek,Ayam Geprek,18000,55,990000
09/02/2025,Selasa,2,0,9,36,Cerah,1,Periode Gajian,nasi_goreng,Nasi Goreng,22000,42,924000
09/02/2025,Selasa,2,0,9,36,Cerah,1,Periode Gajian,kopi_susu,Kopi Susu,16000,64,1024000
09/02/2025,Selasa,2,0,9,36,Cerah,1,Periode Gajian,es_teh_manis,Es Teh Manis,8000,95,760000
09/02/2025,Selasa,2,0,9,36,Cerah,1,Periode Gajian,mie_goreng,Mie Goreng Spesial,15000,37,555000
09/02/2025,Selasa,2,0,9,36,Cerah,1,Periode Gajian,sate_ayam,Sate Ayam,25000,23,575000
09/02/2025,Selasa,2,0,9,36,Cerah,1,Periode Gajian,bakso_sapi,Bakso Sapi,15000,48,720000
09/02/2025,Selasa,2,0,9,36,Cerah,1,Periode Gajian,soto_ayam,Soto Ayam,18000,41,738000
09/02/2025,Selasa,2,0,9,36,Cerah,1,Periode Gajian,es_jeruk,Es Jeruk,10000,78,780000
09/02/2025,Selasa,2,0,9,36,Cerah,1,Periode Gajian,gorengan,Gorengan,2000,164,328000
09/03/2025,Rabu,3,0,9,36,Cerah,0,,ayam_geprek,Ayam Geprek,18000,39,702000
09/03/2025,Rabu,3,0,9,36,Cerah,0,,nasi_goreng,Nasi Goreng,22000,32,704000
09/03/2025,Rabu,3,0,9,36,Cerah,0,,kopi_susu,Kopi Susu,16000,48,768000
09/03/2025,Rabu,3,0,9,36,Cerah,0,,es_teh_manis,Es Teh Manis,8000,71,568000
09/03/2025,Rabu,3,0,9,36,Cerah,0,,mie_goreng,Mie Goreng Spesial,15000,29,435000
09/03/2025,Rabu,3,0,9,36,Cerah,0,,sate_ayam,Sate Ayam,25000,18,450000
09/03/2025,Rabu,3,0,9,36,Cerah,0,,bakso_sapi,Bakso Sapi,15000,34,510000
09/03/2025,Rabu,3,0,9,36,Cerah,0,,soto_ayam,Soto Ayam,18000,29,522000
09/03/2025,Rabu,3,0,9,36,Cerah,0,,es_jeruk,Es Jeruk,10000,60,600000
09/03/2025,Rabu,3,0,9,36,Cerah,0,,gorengan,Gorengan,2000,123,246000
09/04/2025,Kamis,4,0,9,36,Hujan,0,,ayam_geprek,Ayam Geprek,18000,40,720000
09/04/2025,Kamis,4,0,9,36,Hujan,0,,nasi_goreng,Nasi Goreng,22000,32,704000
09/04/2025,Kamis,4,0,9,36,Hujan,0,,kopi_susu,Kopi Susu,16000,38,608000
09/04/2025,Kamis,4,0,9,36,Hujan,0,,es_teh_manis,Es Teh Manis,8000,51,408000
09/04/2025,Kamis,4,0,9,36,Hujan,0,,mie_goreng,Mie Goreng Spesial,15000,30,450000
09/04/2025,Kamis,4,0,9,36,Hujan,0,,sate_ayam,Sate Ayam,25000,21,525000
09/04/2025,Kamis,4,0,9,36,Hujan,0,,bakso_sapi,Bakso Sapi,15000,40,600000
09/04/2025,Kamis,4,0,9,36,Hujan,0,,soto_ayam,Soto Ayam,18000,35,630000
09/04/2025,Kamis,4,0,9,36,Hujan,0,,es_jeruk,Es Jeruk,10000,39,390000
09/04/2025,Kamis,4,0,9,36,Hujan,0,,gorengan,Gorengan,2000,125,250000
09/05/2025,Jumat,5,0,9,36,Cerah,0,,ayam_geprek,Ayam Geprek,18000,41,738000
09/05/2025,Jumat,5,0,9,36,Cerah,0,,nasi_goreng,Nasi Goreng,22000,34,748000
09/05/2025,Jumat,5,0,9,36,Cerah,0,,kopi_susu,Kopi Susu,16000,45,720000
09/05/2025,Jumat,5,0,9,36,Cerah,0,,es_teh_manis,Es Teh Manis,8000,75,600000
09/05/2025,Jumat,5,0,9,36,Cerah,0,,mie_goreng,Mie Goreng Spesial,15000,28,420000
09/05/2025,Jumat,5,0,9,36,Cerah,0,,sate_ayam,Sate Ayam,25000,20,500000
09/05/2025,Jumat,5,0,9,36,Cerah,0,,bakso_sapi,Bakso Sapi,15000,37,555000
09/05/2025,Jumat,5,0,9,36,Cerah,0,,soto_ayam,Soto Ayam,18000,28,504000
09/05/2025,Jumat,5,0,9,36,Cerah,0,,es_jeruk,Es Jeruk,10000,53,530000
09/05/2025,Jumat,5,0,9,36,Cerah,0,,gorengan,Gorengan,2000,115,230000
09/06/2025,Sabtu,6,1,9,36,Cerah,0,,ayam_geprek,Ayam Geprek,18000,52,936000
09/06/2025,Sabtu,6,1,9,36,Cerah,0,,nasi_goreng,Nasi Goreng,22000,45,990000
09/06/2025,Sabtu,6,1,9,36,Cerah,0,,kopi_susu,Kopi Susu,16000,55,880000
09/06/2025,Sabtu,6,1,9,36,Cerah,0,,es_teh_manis,Es Teh Manis,8000,89,712000
09/06/2025,Sabtu,6,1,9,36,Cerah,0,,mie_goreng,Mie Goreng Spesial,15000,38,570000
09/06/2025,Sabtu,6,1,9,36,Cerah,0,,sate_ayam,Sate Ayam,25000,22,550000
09/06/2025,Sabtu,6,1,9,36,Cerah,0,,bakso_sapi,Bakso Sapi,15000,45,675000
09/06/2025,Sabtu,6,1,9,36,Cerah,0,,soto_ayam,Soto Ayam,18000,36,648000
09/06/2025,Sabtu,6,1,9,36,Cerah,0,,es_jeruk,Es Jeruk,10000,73,730000
09/06/2025,Sabtu,6,1,9,36,Cerah,0,,gorengan,Gorengan,2000,155,310000
09/07/2025,Minggu,7,1,9,36,Cerah,0,,ayam_geprek,Ayam Geprek,18000,44,792000
09/07/2025,Minggu,7,1,9,36,Cerah,0,,nasi_goreng,Nasi Goreng,22000,40,880000
09/07/2025,Minggu,7,1,9,36,Cerah,0,,kopi_susu,Kopi Susu,16000,53,848000
09/07/2025,Minggu,7,1,9,36,Cerah,0,,es_teh_manis,Es Teh Manis,8000,88,704000
09/07/2025,Minggu,7,1,9,36,Cerah,0,,mie_goreng,Mie Goreng Spesial,15000,39,585000
09/07/2025,Minggu,7,1,9,36,Cerah,0,,sate_ayam,Sate Ayam,25000,22,550000
09/07/2025,Minggu,7,1,9,36,Cerah,0,,bakso_sapi,Bakso Sapi,15000,42,630000
09/07/2025,Minggu,7,1,9,36,Cerah,0,,soto_ayam,Soto Ayam,18000,35,630000
09/07/2025,Minggu,7,1,9,36,Cerah,0,,es_jeruk,Es Jeruk,10000,65,650000
09/07/2025,Minggu,7,1,9,36,Cerah,0,,gorengan,Gorengan,2000,133,266000
09/08/2025,Senin,1,0,9,37,Cerah,0,,ayam_geprek,Ayam Geprek,18000,44,792000
09/08/2025,Senin,1,0,9,37,Cerah,0,,nasi_goreng,Nasi Goreng,22000,34,748000
09/08/2025,Senin,1,0,9,37,Cerah,0,,kopi_susu,Kopi Susu,16000,45,720000
09/08/2025,Senin,1,0,9,37,Cerah,0,,es_teh_manis,Es Teh Manis,8000,72,576000
09/08/2025,Senin,1,0,9,37,Cerah,0,,mie_goreng,Mie Goreng Spesial,15000,29,435000
09/08/2025,Senin,1,0,9,37,Cerah,0,,sate_ayam,Sate Ayam,25000,22,550000
09/08/2025,Senin,1,0,9,37,Cerah,0,,bakso_sapi,Bakso Sapi,15000,38,570000
09/08/2025,Senin,1,0,9,37,Cerah,0,,soto_ayam,Soto Ayam,18000,29,522000
09/08/2025,Senin,1,0,9,37,Cerah,0,,es_jeruk,Es Jeruk,10000,57,570000
09/08/2025,Senin,1,0,9,37,Cerah,0,,gorengan,Gorengan,2000,115,230000
09/09/2025,Selasa,2,0,9,37,Cerah,0,,ayam_geprek,Ayam Geprek,18000,36,648000
09/09/2025,Selasa,2,0,9,37,Cerah,0,,nasi_goreng,Nasi Goreng,22000,36,792000
09/09/2025,Selasa,2,0,9,37,Cerah,0,,kopi_susu,Kopi Susu,16000,45,720000
09/09/2025,Selasa,2,0,9,37,Cerah,0,,es_teh_manis,Es Teh Manis,8000,63,504000
09/09/2025,Selasa,2,0,9,37,Cerah,0,,mie_goreng,Mie Goreng Spesial,15000,29,435000
09/09/2025,Selasa,2,0,9,37,Cerah,0,,sate_ayam,Sate Ayam,25000,22,550000
09/09/2025,Selasa,2,0,9,37,Cerah,0,,bakso_sapi,Bakso Sapi,15000,33,495000
09/09/2025,Selasa,2,0,9,37,Cerah,0,,soto_ayam,Soto Ayam,18000,28,504000
09/09/2025,Selasa,2,0,9,37,Cerah,0,,es_jeruk,Es Jeruk,10000,57,570000
09/09/2025,Selasa,2,0,9,37,Cerah,0,,gorengan,Gorengan,2000,132,264000
09/10/2025,Rabu,3,0,9,37,Cerah,0,,ayam_geprek,Ayam Geprek,18000,41,738000
09/10/2025,Rabu,3,0,9,37,Cerah,0,,nasi_goreng,Nasi Goreng,22000,37,814000
09/10/2025,Rabu,3,0,9,37,Cerah,0,,kopi_susu,Kopi Susu,16000,43,688000
09/10/2025,Rabu,3,0,9,37,Cerah,0,,es_teh_manis,Es Teh Manis,8000,72,576000
09/10/2025,Rabu,3,0,9,37,Cerah,0,,mie_goreng,Mie Goreng Spesial,15000,29,435000
09/10/2025,Rabu,3,0,9,37,Cerah,0,,sate_ayam,Sate Ayam,25000,21,525000
09/10/2025,Rabu,3,0,9,37,Cerah,0,,bakso_sapi,Bakso Sapi,15000,36,540000
09/10/2025,Rabu,3,0,9,37,Cerah,0,,soto_ayam,Soto Ayam,18000,30,540000
09/10/2025,Rabu,3,0,9,37,Cerah,0,,es_jeruk,Es Jeruk,10000,53,530000
09/10/2025,Rabu,3,0,9,37,Cerah,0,,gorengan,Gorengan,2000,128,256000
09/11/2025,Kamis,4,0,9,37,Cerah,0,,ayam_geprek,Ayam Geprek,18000,37,666000
09/11/2025,Kamis,4,0,9,37,Cerah,0,,nasi_goreng,Nasi Goreng,22000,32,704000
09/11/2025,Kamis,4,0,9,37,Cerah,0,,kopi_susu,Kopi Susu,16000,46,736000
09/11/2025,Kamis,4,0,9,37,Cerah,0,,es_teh_manis,Es Teh Manis,8000,71,568000
09/11/2025,Kamis,4,0,9,37,Cerah,0,,mie_goreng,Mie Goreng Spesial,15000,27,405000
09/11/2025,Kamis,4,0,9,37,Cerah,0,,sate_ayam,Sate Ayam,25000,20,500000
09/11/2025,Kamis,4,0,9,37,Cerah,0,,bakso_sapi,Bakso Sapi,15000,33,495000
09/11/2025,Kamis,4,0,9,37,Cerah,0,,soto_ayam,Soto Ayam,18000,31,558000
09/11/2025,Kamis,4,0,9,37,Cerah,0,,es_jeruk,Es Jeruk,10000,54,540000
09/11/2025,Kamis,4,0,9,37,Cerah,0,,gorengan,Gorengan,2000,125,250000
09/12/2025,Jumat,5,0,9,37,Cerah,1,Promo Jumat Berkah,ayam_geprek,Ayam Geprek,18000,43,774000
09/12/2025,Jumat,5,0,9,37,Cerah,1,Promo Jumat Berkah,nasi_goreng,Nasi Goreng,22000,39,858000
09/12/2025,Jumat,5,0,9,37,Cerah,1,Promo Jumat Berkah,kopi_susu,Kopi Susu,16000,48,768000
09/12/2025,Jumat,5,0,9,37,Cerah,1,Promo Jumat Berkah,es_teh_manis,Es Teh Manis,8000,86,688000
09/12/2025,Jumat,5,0,9,37,Cerah,1,Promo Jumat Berkah,mie_goreng,Mie Goreng Spesial,15000,37,555000
09/12/2025,Jumat,5,0,9,37,Cerah,1,Promo Jumat Berkah,sate_ayam,Sate Ayam,25000,22,550000
09/12/2025,Jumat,5,0,9,37,Cerah,1,Promo Jumat Berkah,bakso_sapi,Bakso Sapi,15000,42,630000
09/12/2025,Jumat,5,0,9,37,Cerah,1,Promo Jumat Berkah,soto_ayam,Soto Ayam,18000,37,666000
09/12/2025,Jumat,5,0,9,37,Cerah,1,Promo Jumat Berkah,es_jeruk,Es Jeruk,10000,67,670000
09/12/2025,Jumat,5,0,9,37,Cerah,1,Promo Jumat Berkah,gorengan,Gorengan,2000,139,278000
09/13/2025,Sabtu,6,1,9,37,Cerah,0,,ayam_geprek,Ayam Geprek,18000,44,792000
09/13/2025,Sabtu,6,1,9,37,Cerah,0,,nasi_goreng,Nasi Goreng,22000,45,990000
09/13/2025,Sabtu,6,1,9,37,Cerah,0,,kopi_susu,Kopi Susu,16000,58,928000
09/13/2025,Sabtu,6,1,9,37,Cerah,0,,es_teh_manis,Es Teh Manis,8000,85,680000
09/13/2025,Sabtu,6,1,9,37,Cerah,0,,mie_goreng,Mie Goreng Spesial,15000,35,525000
09/13/2025,Sabtu,6,1,9,37,Cerah,0,,sate_ayam,Sate Ayam,25000,23,575000
09/13/2025,Sabtu,6,1,9,37,Cerah,0,,bakso_sapi,Bakso Sapi,15000,44,660000
09/13/2025,Sabtu,6,1,9,37,Cerah,0,,soto_ayam,Soto Ayam,18000,39,702000
09/13/2025,Sabtu,6,1,9,37,Cerah,0,,es_jeruk,Es Jeruk,10000,74,740000
09/13/2025,Sabtu,6,1,9,37,Cerah,0,,gorengan,Gorengan,2000,152,304000
09/14/2025,Minggu,7,1,9,37,Berawan,0,,ayam_geprek,Ayam Geprek,18000,44,792000
09/14/2025,Minggu,7,1,9,37,Berawan,0,,nasi_goreng,Nasi Goreng,22000,39,858000
09/14/2025,Minggu,7,1,9,37,Berawan,0,,kopi_susu,Kopi Susu,16000,58,928000
09/14/2025,Minggu,7,1,9,37,Berawan,0,,es_teh_manis,Es Teh Manis,8000,74,592000
09/14/2025,Minggu,7,1,9,37,Berawan,0,,mie_goreng,Mie Goreng Spesial,15000,32,480000
09/14/2025,Minggu,7,1,9,37,Berawan,0,,sate_ayam,Sate Ayam,25000,22,550000
09/14/2025,Minggu,7,1,9,37,Berawan,0,,bakso_sapi,Bakso Sapi,15000,43,645000
09/14/2025,Minggu,7,1,9,37,Berawan,0,,soto_ayam,Soto Ayam,18000,32,576000
09/14/2025,Minggu,7,1,9,37,Berawan,0,,es_jeruk,Es Jeruk,10000,56,560000
09/14/2025,Minggu,7,1,9,37,Berawan,0,,gorengan,Gorengan,2000,145,290000
09/15/2025,Senin,1,0,9,38,Berawan,0,,ayam_geprek,Ayam Geprek,18000,41,738000
09/15/2025,Senin,1,0,9,38,Berawan,0,,nasi_goreng,Nasi Goreng,22000,33,726000
09/15/2025,Senin,1,0,9,38,Berawan,0,,kopi_susu,Kopi Susu,16000,47,752000
09/15/2025,Senin,1,0,9,38,Berawan,0,,es_teh_manis,Es Teh Manis,8000,57,456000
09/15/2025,Senin,1,0,9,38,Berawan,0,,mie_goreng,Mie Goreng Spesial,15000,29,435000
09/15/2025,Senin,1,0,9,38,Berawan,0,,sate_ayam,Sate Ayam,25000,21,525000
09/15/2025,Senin,1,0,9,38,Berawan,0,,bakso_sapi,Bakso Sapi,15000,36,540000
09/15/2025,Senin,1,0,9,38,Berawan,0,,soto_ayam,Soto Ayam,18000,32,576000
09/15/2025,Senin,1,0,9,38,Berawan,0,,es_jeruk,Es Jeruk,10000,52,520000
09/15/2025,Senin,1,0,9,38,Berawan,0,,gorengan,Gorengan,2000,122,244000
09/16/2025,Selasa,2,0,9,38,Cerah,0,,ayam_geprek,Ayam Geprek,18000,39,702000
09/16/2025,Selasa,2,0,9,38,Cerah,0,,nasi_goreng,Nasi Goreng,22000,33,726000
09/16/2025,Selasa,2,0,9,38,Cerah,0,,kopi_susu,Kopi Susu,16000,43,688000
09/16/2025,Selasa,2,0,9,38,Cerah,0,,es_teh_manis,Es Teh Manis,8000,76,608000
09/16/2025,Selasa,2,0,9,38,Cerah,0,,mie_goreng,Mie Goreng Spesial,15000,29,435000
09/16/2025,Selasa,2,0,9,38,Cerah,0,,sate_ayam,Sate Ayam,25000,22,550000
09/16/2025,Selasa,2,0,9,38,Cerah,0,,bakso_sapi,Bakso Sapi,15000,36,540000
09/16/2025,Selasa,2,0,9,38,Cerah,0,,soto_ayam,Soto Ayam,18000,32,576000
09/16/2025,Selasa,2,0,9,38,Cerah,0,,es_jeruk,Es Jeruk,10000,58,580000
09/16/2025,Selasa,2,0,9,38,Cerah,0,,gorengan,Gorengan,2000,122,244000
09/17/2025,Rabu,3,0,9,38,Berawan,0,,ayam_geprek,Ayam Geprek,18000,38,684000
09/17/2025,Rabu,3,0,9,38,Berawan,0,,nasi_goreng,Nasi Goreng,22000,37,814000
09/17/2025,Rabu,3,0,9,38,Berawan,0,,kopi_susu,Kopi Susu,16000,43,688000
09/17/2025,Rabu,3,0,9,38,Berawan,0,,es_teh_manis,Es Teh Manis,8000,54,432000
09/17/2025,Rabu,3,0,9,38,Berawan,0,,mie_goreng,Mie Goreng Spesial,15000,31,465000
09/17/2025,Rabu,3,0,9,38,Berawan,0,,sate_ayam,Sate Ayam,25000,19,475000
09/17/2025,Rabu,3,0,9,38,Berawan,0,,bakso_sapi,Bakso Sapi,15000,38,570000
09/17/2025,Rabu,3,0,9,38,Berawan,0,,soto_ayam,Soto Ayam,18000,33,594000
09/17/2025,Rabu,3,0,9,38,Berawan,0,,es_jeruk,Es Jeruk,10000,54,540000
09/17/2025,Rabu,3,0,9,38,Berawan,0,,gorengan,Gorengan,2000,117,234000
09/18/2025,Kamis,4,0,9,38,Cerah,0,,ayam_geprek,Ayam Geprek,18000,43,774000
09/18/2025,Kamis,4,0,9,38,Cerah,0,,nasi_goreng,Nasi Goreng,22000,34,748000
09/18/2025,Kamis,4,0,9,38,Cerah,0,,kopi_susu,Kopi Susu,16000,49,784000
09/18/2025,Kamis,4,0,9,38,Cerah,0,,es_teh_manis,Es Teh Manis,8000,75,600000
09/18/2025,Kamis,4,0,9,38,Cerah,0,,mie_goreng,Mie Goreng Spesial,15000,32,480000
09/18/2025,Kamis,4,0,9,38,Cerah,0,,sate_ayam,Sate Ayam,25000,19,475000
09/18/2025,Kamis,4,0,9,38,Cerah,0,,bakso_sapi,Bakso Sapi,15000,34,510000
09/18/2025,Kamis,4,0,9,38,Cerah,0,,soto_ayam,Soto Ayam,18000,32,576000
09/18/2025,Kamis,4,0,9,38,Cerah,0,,es_jeruk,Es Jeruk,10000,55,550000
09/18/2025,Kamis,4,0,9,38,Cerah,0,,gorengan,Gorengan,2000,112,224000
09/19/2025,Jumat,5,0,9,38,Berawan,1,Promo Jumat Berkah,ayam_geprek,Ayam Geprek,18000,48,864000
09/19/2025,Jumat,5,0,9,38,Berawan,1,Promo Jumat Berkah,nasi_goreng,Nasi Goreng,22000,41,902000
09/19/2025,Jumat,5,0,9,38,Berawan,1,Promo Jumat Berkah,kopi_susu,Kopi Susu,16000,48,768000
09/19/2025,Jumat,5,0,9,38,Berawan,1,Promo Jumat Berkah,es_teh_manis,Es Teh Manis,8000,71,568000
09/19/2025,Jumat,5,0,9,38,Berawan,1,Promo Jumat Berkah,mie_goreng,Mie Goreng Spesial,15000,38,570000
09/19/2025,Jumat,5,0,9,38,Berawan,1,Promo Jumat Berkah,sate_ayam,Sate Ayam,25000,21,525000
09/19/2025,Jumat,5,0,9,38,Berawan,1,Promo Jumat Berkah,bakso_sapi,Bakso Sapi,15000,40,600000
09/19/2025,Jumat,5,0,9,38,Berawan,1,Promo Jumat Berkah,soto_ayam,Soto Ayam,18000,37,666000
09/19/2025,Jumat,5,0,9,38,Berawan,1,Promo Jumat Berkah,es_jeruk,Es Jeruk,10000,60,600000
09/19/2025,Jumat,5,0,9,38,Berawan,1,Promo Jumat Berkah,gorengan,Gorengan,2000,143,286000
09/20/2025,Sabtu,6,1,9,38,Berawan,0,,ayam_geprek,Ayam Geprek,18000,47,846000
09/20/2025,Sabtu,6,1,9,38,Berawan,0,,nasi_goreng,Nasi Goreng,22000,40,880000
09/20/2025,Sabtu,6,1,9,38,Berawan,0,,kopi_susu,Kopi Susu,16000,57,912000
09/20/2025,Sabtu,6,1,9,38,Berawan,0,,es_teh_manis,Es Teh Manis,8000,76,608000
09/20/2025,Sabtu,6,1,9,38,Berawan,0,,mie_goreng,Mie Goreng Spesial,15000,39,585000
09/20/2025,Sabtu,6,1,9,38,Berawan,0,,sate_ayam,Sate Ayam,25000,26,650000
09/20/2025,Sabtu,6,1,9,38,Berawan,0,,bakso_sapi,Bakso Sapi,15000,42,630000
09/20/2025,Sabtu,6,1,9,38,Berawan,0,,soto_ayam,Soto Ayam,18000,36,648000
09/20/2025,Sabtu,6,1,9,38,Berawan,0,,es_jeruk,Es Jeruk,10000,64,640000
09/20/2025,Sabtu,6,1,9,38,Berawan,0,,gorengan,Gorengan,2000,148,296000
09/21/2025,Minggu,7,1,9,38,Berawan,0,,ayam_geprek,Ayam Geprek,18000,51,918000
09/21/2025,Minggu,7,1,9,38,Berawan,0,,nasi_goreng,Nasi Goreng,22000,45,990000
09/21/2025,Minggu,7,1,9,38,Berawan,0,,kopi_susu,Kopi Susu,16000,52,832000
09/21/2025,Minggu,7,1,9,38,Berawan,0,,es_teh_manis,Es Teh Manis,8000,70,560000
09/21/2025,Minggu,7,1,9,38,Berawan,0,,mie_goreng,Mie Goreng Spesial,15000,33,495000
09/21/2025,Minggu,7,1,9,38,Berawan,0,,sate_ayam,Sate Ayam,25000,24,600000
09/21/2025,Minggu,7,1,9,38,Berawan,0,,bakso_sapi,Bakso Sapi,15000,38,570000
09/21/2025,Minggu,7,1,9,38,Berawan,0,,soto_ayam,Soto Ayam,18000,36,648000
09/21/2025,Minggu,7,1,9,38,Berawan,0,,es_jeruk,Es Jeruk,10000,61,610000
09/21/2025,Minggu,7,1,9,38,Berawan,0,,gorengan,Gorengan,2000,138,276000
09/22/2025,Senin,1,0,9,39,Berawan,0,,ayam_geprek,Ayam Geprek,18000,36,648000
09/22/2025,Senin,1,0,9,39,Berawan,0,,nasi_goreng,Nasi Goreng,22000,32,704000
09/22/2025,Senin,1,0,9,39,Berawan,0,,kopi_susu,Kopi Susu,16000,48,768000
09/22/2025,Senin,1,0,9,39,Berawan,0,,es_teh_manis,Es Teh Manis,8000,58,464000
09/22/2025,Senin,1,0,9,39,Berawan,0,,mie_goreng,Mie Goreng Spesial,15000,28,420000
09/22/2025,Senin,1,0,9,39,Berawan,0,,sate_ayam,Sate Ayam,25000,20,500000
09/22/2025,Senin,1,0,9,39,Berawan,0,,bakso_sapi,Bakso Sapi,15000,37,555000
09/22/2025,Senin,1,0,9,39,Berawan,0,,soto_ayam,Soto Ayam,18000,28,504000
09/22/2025,Senin,1,0,9,39,Berawan,0,,es_jeruk,Es Jeruk,10000,51,510000
09/22/2025,Senin,1,0,9,39,Berawan,0,,gorengan,Gorengan,2000,110,220000
09/23/2025,Selasa,2,0,9,39,Cerah,0,,ayam_geprek,Ayam Geprek,18000,40,720000
09/23/2025,Selasa,2,0,9,39,Cerah,0,,nasi_goreng,Nasi Goreng,22000,35,770000
09/23/2025,Selasa,2,0,9,39,Cerah,0,,kopi_susu,Kopi Susu,16000,46,736000
09/23/2025,Selasa,2,0,9,39,Cerah,0,,es_teh_manis,Es Teh Manis,8000,72,576000
09/23/2025,Selasa,2,0,9,39,Cerah,0,,mie_goreng,Mie Goreng Spesial,15000,33,495000
09/23/2025,Selasa,2,0,9,39,Cerah,0,,sate_ayam,Sate Ayam,25000,20,500000
09/23/2025,Selasa,2,0,9,39,Cerah,0,,bakso_sapi,Bakso Sapi,15000,34,510000
09/23/2025,Selasa,2,0,9,39,Cerah,0,,soto_ayam,Soto Ayam,18000,32,576000
09/23/2025,Selasa,2,0,9,39,Cerah,0,,es_jeruk,Es Jeruk,10000,55,550000
09/23/2025,Selasa,2,0,9,39,Cerah,0,,gorengan,Gorengan,2000,119,238000
09/24/2025,Rabu,3,0,9,39,Cerah,0,,ayam_geprek,Ayam Geprek,18000,36,648000
09/24/2025,Rabu,3,0,9,39,Cerah,0,,nasi_goreng,Nasi Goreng,22000,38,836000
09/24/2025,Rabu,3,0,9,39,Cerah,0,,kopi_susu,Kopi Susu,16000,48,768000
09/24/2025,Rabu,3,0,9,39,Cerah,0,,es_teh_manis,Es Teh Manis,8000,72,576000
09/24/2025,Rabu,3,0,9,39,Cerah,0,,mie_goreng,Mie Goreng Spesial,15000,29,435000
09/24/2025,Rabu,3,0,9,39,Cerah,0,,sate_ayam,Sate Ayam,25000,19,475000
09/24/2025,Rabu,3,0,9,39,Cerah,0,,bakso_sapi,Bakso Sapi,15000,33,495000
09/24/2025,Rabu,3,0,9,39,Cerah,0,,soto_ayam,Soto Ayam,18000,29,522000
09/24/2025,Rabu,3,0,9,39,Cerah,0,,es_jeruk,Es Jeruk,10000,58,580000
09/24/2025,Rabu,3,0,9,39,Cerah,0,,gorengan,Gorengan,2000,125,250000
09/25/2025,Kamis,4,0,9,39,Berawan,1,Periode Gajian,ayam_geprek,Ayam Geprek,18000,50,900000
09/25/2025,Kamis,4,0,9,39,Berawan,1,Periode Gajian,nasi_goreng,Nasi Goreng,22000,50,1100000
09/25/2025,Kamis,4,0,9,39,Berawan,1,Periode Gajian,kopi_susu,Kopi Susu,16000,61,976000
09/25/2025,Kamis,4,0,9,39,Berawan,1,Periode Gajian,es_teh_manis,Es Teh Manis,8000,79,632000
09/25/2025,Kamis,4,0,9,39,Berawan,1,Periode Gajian,mie_goreng,Mie Goreng Spesial,15000,40,600000
09/25/2025,Kamis,4,0,9,39,Berawan,1,Periode Gajian,sate_ayam,Sate Ayam,25000,26,650000
09/25/2025,Kamis,4,0,9,39,Berawan,1,Periode Gajian,bakso_sapi,Bakso Sapi,15000,43,645000
09/25/2025,Kamis,4,0,9,39,Berawan,1,Periode Gajian,soto_ayam,Soto Ayam,18000,38,684000
09/25/2025,Kamis,4,0,9,39,Berawan,1,Periode Gajian,es_jeruk,Es Jeruk,10000,68,680000
09/25/2025,Kamis,4,0,9,39,Berawan,1,Periode Gajian,gorengan,Gorengan,2000,141,282000
09/26/2025,Jumat,5,0,9,39,Cerah,1,Periode Gajian,ayam_geprek,Ayam Geprek,18000,47,846000
09/26/2025,Jumat,5,0,9,39,Cerah,1,Periode Gajian,nasi_goreng,Nasi Goreng,22000,41,902000
09/26/2025,Jumat,5,0,9,39,Cerah,1,Periode Gajian,kopi_susu,Kopi Susu,16000,63,1008000
09/26/2025,Jumat,5,0,9,39,Cerah,1,Periode Gajian,es_teh_manis,Es Teh Manis,8000,93,744000
09/26/2025,Jumat,5,0,9,39,Cerah,1,Periode Gajian,mie_goreng,Mie Goreng Spesial,15000,39,585000
09/26/2025,Jumat,5,0,9,39,Cerah,1,Periode Gajian,sate_ayam,Sate Ayam,25000,24,600000
09/26/2025,Jumat,5,0,9,39,Cerah,1,Periode Gajian,bakso_sapi,Bakso Sapi,15000,45,675000
09/26/2025,Jumat,5,0,9,39,Cerah,1,Periode Gajian,soto_ayam,Soto Ayam,18000,39,702000
09/26/2025,Jumat,5,0,9,39,Cerah,1,Periode Gajian,es_jeruk,Es Jeruk,10000,70,700000
09/26/2025,Jumat,5,0,9,39,Cerah,1,Periode Gajian,gorengan,Gorengan,2000,154,308000
09/27/2025,Sabtu,6,1,9,39,Cerah,1,Periode Gajian,ayam_geprek,Ayam Geprek,18000,64,1152000
09/27/2025,Sabtu,6,1,9,39,Cerah,1,Periode Gajian,nasi_goreng,Nasi Goreng,22000,56,1232000
09/27/2025,Sabtu,6,1,9,39,Cerah,1,Periode Gajian,kopi_susu,Kopi Susu,16000,64,1024000
09/27/2025,Sabtu,6,1,9,39,Cerah,1,Periode Gajian,es_teh_manis,Es Teh Manis,8000,105,840000
09/27/2025,Sabtu,6,1,9,39,Cerah,1,Periode Gajian,mie_goreng,Mie Goreng Spesial,15000,48,720000
09/27/2025,Sabtu,6,1,9,39,Cerah,1,Periode Gajian,sate_ayam,Sate Ayam,25000,31,775000
09/27/2025,Sabtu,6,1,9,39,Cerah,1,Periode Gajian,bakso_sapi,Bakso Sapi,15000,58,870000
09/27/2025,Sabtu,6,1,9,39,Cerah,1,Periode Gajian,soto_ayam,Soto Ayam,18000,48,864000
09/27/2025,Sabtu,6,1,9,39,Cerah,1,Periode Gajian,es_jeruk,Es Jeruk,10000,84,840000
09/27/2025,Sabtu,6,1,9,39,Cerah,1,Periode Gajian,gorengan,Gorengan,2000,171,342000
09/28/2025,Minggu,7,1,9,39,Berawan,1,Periode Gajian,ayam_geprek,Ayam Geprek,18000,56,1008000
09/28/2025,Minggu,7,1,9,39,Berawan,1,Periode Gajian,nasi_goreng,Nasi Goreng,22000,56,1232000
09/28/2025,Minggu,7,1,9,39,Berawan,1,Periode Gajian,kopi_susu,Kopi Susu,16000,76,1216000
09/28/2025,Minggu,7,1,9,39,Berawan,1,Periode Gajian,es_teh_manis,Es Teh Manis,8000,95,760000
09/28/2025,Minggu,7,1,9,39,Berawan,1,Periode Gajian,mie_goreng,Mie Goreng Spesial,15000,46,690000
09/28/2025,Minggu,7,1,9,39,Berawan,1,Periode Gajian,sate_ayam,Sate Ayam,25000,32,800000
09/28/2025,Minggu,7,1,9,39,Berawan,1,Periode Gajian,bakso_sapi,Bakso Sapi,15000,54,810000
09/28/2025,Minggu,7,1,9,39,Berawan,1,Periode Gajian,soto_ayam,Soto Ayam,18000,47,846000
09/28/2025,Minggu,7,1,9,39,Berawan,1,Periode Gajian,es_jeruk,Es Jeruk,10000,85,850000
09/28/2025,Minggu,7,1,9,39,Berawan,1,Periode Gajian,gorengan,Gorengan,2000,183,366000
09/29/2025,Senin,1,0,9,40,Hujan,1,Periode Gajian,ayam_geprek,Ayam Geprek,18000,56,1008000
09/29/2025,Senin,1,0,9,40,Hujan,1,Periode Gajian,nasi_goreng,Nasi Goreng,22000,43,946000
09/29/2025,Senin,1,0,9,40,Hujan,1,Periode Gajian,kopi_susu,Kopi Susu,16000,43,688000
09/29/2025,Senin,1,0,9,40,Hujan,1,Periode Gajian,es_teh_manis,Es Teh Manis,8000,57,456000
09/29/2025,Senin,1,0,9,40,Hujan,1,Periode Gajian,mie_goreng,Mie Goreng Spesial,15000,35,525000
09/29/2025,Senin,1,0,9,40,Hujan,1,Periode Gajian,sate_ayam,Sate Ayam,25000,24,600000
09/29/2025,Senin,1,0,9,40,Hujan,1,Periode Gajian,bakso_sapi,Bakso Sapi,15000,54,810000
09/29/2025,Senin,1,0,9,40,Hujan,1,Periode Gajian,soto_ayam,Soto Ayam,18000,41,738000
09/29/2025,Senin,1,0,9,40,Hujan,1,Periode Gajian,es_jeruk,Es Jeruk,10000,50,500000
09/29/2025,Senin,1,0,9,40,Hujan,1,Periode Gajian,gorengan,Gorengan,2000,192,384000
09/30/2025,Selasa,2,0,9,40,Cerah,1,Periode Gajian,ayam_geprek,Ayam Geprek,18000,55,990000
09/30/2025,Selasa,2,0,9,40,Cerah,1,Periode Gajian,nasi_goreng,Nasi Goreng,22000,44,968000
09/30/2025,Selasa,2,0,9,40,Cerah,1,Periode Gajian,kopi_susu,Kopi Susu,16000,54,864000
09/30/2025,Selasa,2,0,9,40,Cerah,1,Periode Gajian,es_teh_manis,Es Teh Manis,8000,93,744000
09/30/2025,Selasa,2,0,9,40,Cerah,1,Periode Gajian,mie_goreng,Mie Goreng Spesial,15000,40,600000
09/30/2025,Selasa,2,0,9,40,Cerah,1,Periode Gajian,sate_ayam,Sate Ayam,25000,28,700000
09/30/2025,Selasa,2,0,9,40,Cerah,1,Periode Gajian,bakso_sapi,Bakso Sapi,15000,48,720000
09/30/2025,Selasa,2,0,9,40,Cerah,1,Periode Gajian,soto_ayam,Soto Ayam,18000,41,738000
09/30/2025,Selasa,2,0,9,40,Cerah,1,Periode Gajian,es_jeruk,Es Jeruk,10000,71,710000
09/30/2025,Selasa,2,0,9,40,Cerah,1,Periode Gajian,gorengan,Gorengan,2000,146,292000
10/01/2025,Rabu,3,0,10,40,Berawan,1,Periode Gajian,ayam_geprek,Ayam Geprek,18000,55,990000
10/01/2025,Rabu,3,0,10,40,Berawan,1,Periode Gajian,nasi_goreng,Nasi Goreng,22000,50,1100000
10/01/2025,Rabu,3,0,10,40,Berawan,1,Periode Gajian,kopi_susu,Kopi Susu,16000,57,912000
10/01/2025,Rabu,3,0,10,40,Berawan,1,Periode Gajian,es_teh_manis,Es Teh Manis,8000,76,608000
10/01/2025,Rabu,3,0,10,40,Berawan,1,Periode Gajian,mie_goreng,Mie Goreng Spesial,15000,41,615000
10/01/2025,Rabu,3,0,10,40,Berawan,1,Periode Gajian,sate_ayam,Sate Ayam,25000,25,625000
10/01/2025,Rabu,3,0,10,40,Berawan,1,Periode Gajian,bakso_sapi,Bakso Sapi,15000,49,735000
10/01/2025,Rabu,3,0,10,40,Berawan,1,Periode Gajian,soto_ayam,Soto Ayam,18000,42,756000
10/01/2025,Rabu,3,0,10,40,Berawan,1,Periode Gajian,es_jeruk,Es Jeruk,10000,64,640000
10/01/2025,Rabu,3,0,10,40,Berawan,1,Periode Gajian,gorengan,Gorengan,2000,164,328000
10/02/2025,Kamis,4,0,10,40,Berawan,1,Periode Gajian,ayam_geprek,Ayam Geprek,18000,48,864000
10/02/2025,Kamis,4,0,10,40,Berawan,1,Periode Gajian,nasi_goreng,Nasi Goreng,22000,49,1078000
10/02/2025,Kamis,4,0,10,40,Berawan,1,Periode Gajian,kopi_susu,Kopi Susu,16000,59,944000
10/02/2025,Kamis,4,0,10,40,Berawan,1,Periode Gajian,es_teh_manis,Es Teh Manis,8000,83,664000
10/02/2025,Kamis,4,0,10,40,Berawan,1,Periode Gajian,mie_goreng,Mie Goreng Spesial,15000,38,570000
10/02/2025,Kamis,4,0,10,40,Berawan,1,Periode Gajian,sate_ayam,Sate Ayam,25000,28,700000
10/02/2025,Kamis,4,0,10,40,Berawan,1,Periode Gajian,bakso_sapi,Bakso Sapi,15000,44,660000
10/02/2025,Kamis,4,0,10,40,Berawan,1,Periode Gajian,soto_ayam,Soto Ayam,18000,35,630000
10/02/2025,Kamis,4,0,10,40,Berawan,1,Periode Gajian,es_jeruk,Es Jeruk,10000,70,700000
10/02/2025,Kamis,4,0,10,40,Berawan,1,Periode Gajian,gorengan,Gorengan,2000,143,286000
10/03/2025,Jumat,5,0,10,40,Cerah,1,Promo Jumat Berkah,ayam_geprek,Ayam Geprek,18000,50,900000
10/03/2025,Jumat,5,0,10,40,Cerah,1,Promo Jumat Berkah,nasi_goreng,Nasi Goreng,22000,41,902000
10/03/2025,Jumat,5,0,10,40,Cerah,1,Promo Jumat Berkah,kopi_susu,Kopi Susu,16000,53,848000
10/03/2025,Jumat,5,0,10,40,Cerah,1,Promo Jumat Berkah,es_teh_manis,Es Teh Manis,8000,79,632000
10/03/2025,Jumat,5,0,10,40,Cerah,1,Promo Jumat Berkah,mie_goreng,Mie Goreng Spesial,15000,33,495000
10/03/2025,Jumat,5,0,10,40,Cerah,1,Promo Jumat Berkah,sate_ayam,Sate Ayam,25000,22,550000
10/03/2025,Jumat,5,0,10,40,Cerah,1,Promo Jumat Berkah,bakso_sapi,Bakso Sapi,15000,42,630000
10/03/2025,Jumat,5,0,10,40,Cerah,1,Promo Jumat Berkah,soto_ayam,Soto Ayam,18000,36,648000
10/03/2025,Jumat,5,0,10,40,Cerah,1,Promo Jumat Berkah,es_jeruk,Es Jeruk,10000,70,700000
10/03/2025,Jumat,5,0,10,40,Cerah,1,Promo Jumat Berkah,gorengan,Gorengan,2000,146,292000
10/04/2025,Sabtu,6,1,10,40,Cerah,0,,ayam_geprek,Ayam Geprek,18000,48,864000
10/04/2025,Sabtu,6,1,10,40,Cerah,0,,nasi_goreng,Nasi Goreng,22000,38,836000
10/04/2025,Sabtu,6,1,10,40,Cerah,0,,kopi_susu,Kopi Susu,16000,55,880000
10/04/2025,Sabtu,6,1,10,40,Cerah,0,,es_teh_manis,Es Teh Manis,8000,82,656000
10/04/2025,Sabtu,6,1,10,40,Cerah,0,,mie_goreng,Mie Goreng Spesial,15000,39,585000
10/04/2025,Sabtu,6,1,10,40,Cerah,0,,sate_ayam,Sate Ayam,25000,23,575000
10/04/2025,Sabtu,6,1,10,40,Cerah,0,,bakso_sapi,Bakso Sapi,15000,39,585000
10/04/2025,Sabtu,6,1,10,40,Cerah,0,,soto_ayam,Soto Ayam,18000,33,594000
10/04/2025,Sabtu,6,1,10,40,Cerah,0,,es_jeruk,Es Jeruk,10000,73,730000
10/04/2025,Sabtu,6,1,10,40,Cerah,0,,gorengan,Gorengan,2000,147,294000
10/05/2025,Minggu,7,1,10,40,Cerah,0,,ayam_geprek,Ayam Geprek,18000,44,792000
10/05/2025,Minggu,7,1,10,40,Cerah,0,,nasi_goreng,Nasi Goreng,22000,44,968000
10/05/2025,Minggu,7,1,10,40,Cerah,0,,kopi_susu,Kopi Susu,16000,49,784000
10/05/2025,Minggu,7,1,10,40,Cerah,0,,es_teh_manis,Es Teh Manis,8000,88,704000
10/05/2025,Minggu,7,1,10,40,Cerah,0,,mie_goreng,Mie Goreng Spesial,15000,37,555000
10/05/2025,Minggu,7,1,10,40,Cerah,0,,sate_ayam,Sate Ayam,25000,22,550000
10/05/2025,Minggu,7,1,10,40,Cerah,0,,bakso_sapi,Bakso Sapi,15000,39,585000
10/05/2025,Minggu,7,1,10,40,Cerah,0,,soto_ayam,Soto Ayam,18000,40,720000
10/05/2025,Minggu,7,1,10,40,Cerah,0,,es_jeruk,Es Jeruk,10000,67,670000
10/05/2025,Minggu,7,1,10,40,Cerah,0,,gorengan,Gorengan,2000,140,280000
10/06/2025,Senin,1,0,10,41,Hujan,0,,ayam_geprek,Ayam Geprek,18000,44,792000
10/06/2025,Senin,1,0,10,41,Hujan,0,,nasi_goreng,Nasi Goreng,22000,38,836000
10/06/2025,Senin,1,0,10,41,Hujan,0,,kopi_susu,Kopi Susu,16000,38,608000
10/06/2025,Senin,1,0,10,41,Hujan,0,,es_teh_manis,Es Teh Manis,8000,47,376000
10/06/2025,Senin,1,0,10,41,Hujan,0,,mie_goreng,Mie Goreng Spesial,15000,28,420000
10/06/2025,Senin,1,0,10,41,Hujan,0,,sate_ayam,Sate Ayam,25000,21,525000
10/06/2025,Senin,1,0,10,41,Hujan,0,,bakso_sapi,Bakso Sapi,15000,41,615000
10/06/2025,Senin,1,0,10,41,Hujan,0,,soto_ayam,Soto Ayam,18000,34,612000
10/06/2025,Senin,1,0,10,41,Hujan,0,,es_jeruk,Es Jeruk,10000,43,430000
10/06/2025,Senin,1,0,10,41,Hujan,0,,gorengan,Gorengan,2000,127,254000
10/07/2025,Selasa,2,0,10,41,Berawan,0,,ayam_geprek,Ayam Geprek,18000,36,648000
10/07/2025,Selasa,2,0,10,41,Berawan,0,,nasi_goreng,Nasi Goreng,22000,35,770000
10/07/2025,Selasa,2,0,10,41,Berawan,0,,kopi_susu,Kopi Susu,16000,41,656000
10/07/2025,Selasa,2,0,10,41,Berawan,0,,es_teh_manis,Es Teh Manis,8000,55,440000
10/07/2025,Selasa,2,0,10,41,Berawan,0,,mie_goreng,Mie Goreng Spesial,15000,28,420000
10/07/2025,Selasa,2,0,10,41,Berawan,0,,sate_ayam,Sate Ayam,25000,21,525000
10/07/2025,Selasa,2,0,10,41,Berawan,0,,bakso_sapi,Bakso Sapi,15000,37,555000
10/07/2025,Selasa,2,0,10,41,Berawan,0,,soto_ayam,Soto Ayam,18000,31,558000
10/07/2025,Selasa,2,0,10,41,Berawan,0,,es_jeruk,Es Jeruk,10000,55,550000
10/07/2025,Selasa,2,0,10,41,Berawan,0,,gorengan,Gorengan,2000,117,234000
10/08/2025,Rabu,3,0,10,41,Cerah,0,,ayam_geprek,Ayam Geprek,18000,43,774000
10/08/2025,Rabu,3,0,10,41,Cerah,0,,nasi_goreng,Nasi Goreng,22000,33,726000
10/08/2025,Rabu,3,0,10,41,Cerah,0,,kopi_susu,Kopi Susu,16000,49,784000
10/08/2025,Rabu,3,0,10,41,Cerah,0,,es_teh_manis,Es Teh Manis,8000,62,496000
10/08/2025,Rabu,3,0,10,41,Cerah,0,,mie_goreng,Mie Goreng Spesial,15000,33,495000
10/08/2025,Rabu,3,0,10,41,Cerah,0,,sate_ayam,Sate Ayam,25000,18,450000
10/08/2025,Rabu,3,0,10,41,Cerah,0,,bakso_sapi,Bakso Sapi,15000,38,570000
10/08/2025,Rabu,3,0,10,41,Cerah,0,,soto_ayam,Soto Ayam,18000,30,540000
10/08/2025,Rabu,3,0,10,41,Cerah,0,,es_jeruk,Es Jeruk,10000,63,630000
10/08/2025,Rabu,3,0,10,41,Cerah,0,,gorengan,Gorengan,2000,110,220000
10/09/2025,Kamis,4,0,10,41,Berawan,0,,ayam_geprek,Ayam Geprek,18000,44,792000
10/09/2025,Kamis,4,0,10,41,Berawan,0,,nasi_goreng,Nasi Goreng,22000,35,770000
10/09/2025,Kamis,4,0,10,41,Berawan,0,,kopi_susu,Kopi Susu,16000,46,736000
10/09/2025,Kamis,4,0,10,41,Berawan,0,,es_teh_manis,Es Teh Manis,8000,62,496000
10/09/2025,Kamis,4,0,10,41,Berawan,0,,mie_goreng,Mie Goreng Spesial,15000,30,450000
10/09/2025,Kamis,4,0,10,41,Berawan,0,,sate_ayam,Sate Ayam,25000,21,525000
10/09/2025,Kamis,4,0,10,41,Berawan,0,,bakso_sapi,Bakso Sapi,15000,36,540000
10/09/2025,Kamis,4,0,10,41,Berawan,0,,soto_ayam,Soto Ayam,18000,32,576000
10/09/2025,Kamis,4,0,10,41,Berawan,0,,es_jeruk,Es Jeruk,10000,45,450000
10/09/2025,Kamis,4,0,10,41,Berawan,0,,gorengan,Gorengan,2000,115,230000
10/10/2025,Jumat,5,0,10,41,Hujan,1,Promo Jumat Berkah,ayam_geprek,Ayam Geprek,18000,46,828000
10/10/2025,Jumat,5,0,10,41,Hujan,1,Promo Jumat Berkah,nasi_goreng,Nasi Goreng,22000,41,902000
10/10/2025,Jumat,5,0,10,41,Hujan,1,Promo Jumat Berkah,kopi_susu,Kopi Susu,16000,40,640000
10/10/2025,Jumat,5,0,10,41,Hujan,1,Promo Jumat Berkah,es_teh_manis,Es Teh Manis,8000,52,416000
10/10/2025,Jumat,5,0,10,41,Hujan,1,Promo Jumat Berkah,mie_goreng,Mie Goreng Spesial,15000,34,510000
10/10/2025,Jumat,5,0,10,41,Hujan,1,Promo Jumat Berkah,sate_ayam,Sate Ayam,25000,22,550000
10/10/2025,Jumat,5,0,10,41,Hujan,1,Promo Jumat Berkah,bakso_sapi,Bakso Sapi,15000,47,705000
10/10/2025,Jumat,5,0,10,41,Hujan,1,Promo Jumat Berkah,soto_ayam,Soto Ayam,18000,36,648000
10/10/2025,Jumat,5,0,10,41,Hujan,1,Promo Jumat Berkah,es_jeruk,Es Jeruk,10000,50,500000
10/10/2025,Jumat,5,0,10,41,Hujan,1,Promo Jumat Berkah,gorengan,Gorengan,2000,174,348000
10/11/2025,Sabtu,6,1,10,41,Berawan,0,,ayam_geprek,Ayam Geprek,18000,48,864000
10/11/2025,Sabtu,6,1,10,41,Berawan,0,,nasi_goreng,Nasi Goreng,22000,40,880000
10/11/2025,Sabtu,6,1,10,41,Berawan,0,,kopi_susu,Kopi Susu,16000,57,912000
10/11/2025,Sabtu,6,1,10,41,Berawan,0,,es_teh_manis,Es Teh Manis,8000,75,600000
10/11/2025,Sabtu,6,1,10,41,Berawan,0,,mie_goreng,Mie Goreng Spesial,15000,34,510000
10/11/2025,Sabtu,6,1,10,41,Berawan,0,,sate_ayam,Sate Ayam,25000,26,650000
10/11/2025,Sabtu,6,1,10,41,Berawan,0,,bakso_sapi,Bakso Sapi,15000,45,675000
10/11/2025,Sabtu,6,1,10,41,Berawan,0,,soto_ayam,Soto Ayam,18000,39,702000
10/11/2025,Sabtu,6,1,10,41,Berawan,0,,es_jeruk,Es Jeruk,10000,63,630000
10/11/2025,Sabtu,6,1,10,41,Berawan,0,,gorengan,Gorengan,2000,147,294000
10/12/2025,Minggu,7,1,10,41,Berawan,0,,ayam_geprek,Ayam Geprek,18000,52,936000
10/12/2025,Minggu,7,1,10,41,Berawan,0,,nasi_goreng,Nasi Goreng,22000,45,990000
10/12/2025,Minggu,7,1,10,41,Berawan,0,,kopi_susu,Kopi Susu,16000,49,784000
10/12/2025,Minggu,7,1,10,41,Berawan,0,,es_teh_manis,Es Teh Manis,8000,65,520000
10/12/2025,Minggu,7,1,10,41,Berawan,0,,mie_goreng,Mie Goreng Spesial,15000,35,525000
10/12/2025,Minggu,7,1,10,41,Berawan,0,,sate_ayam,Sate Ayam,25000,25,625000
10/12/2025,Minggu,7,1,10,41,Berawan,0,,bakso_sapi,Bakso Sapi,15000,46,690000
10/12/2025,Minggu,7,1,10,41,Berawan,0,,soto_ayam,Soto Ayam,18000,33,594000
10/12/2025,Minggu,7,1,10,41,Berawan,0,,es_jeruk,Es Jeruk,10000,61,610000
10/12/2025,Minggu,7,1,10,41,Berawan,0,,gorengan,Gorengan,2000,141,282000
10/13/2025,Senin,1,0,10,42,Hujan,0,,ayam_geprek,Ayam Geprek,18000,43,774000
10/13/2025,Senin,1,0,10,42,Hujan,0,,nasi_goreng,Nasi Goreng,22000,37,814000
10/13/2025,Senin,1,0,10,42,Hujan,0,,kopi_susu,Kopi Susu,16000,36,576000
10/13/2025,Senin,1,0,10,42,Hujan,0,,es_teh_manis,Es Teh Manis,8000,47,376000
10/13/2025,Senin,1,0,10,42,Hujan,0,,mie_goreng,Mie Goreng Spesial,15000,29,435000
10/13/2025,Senin,1,0,10,42,Hujan,0,,sate_ayam,Sate Ayam,25000,18,450000
10/13/2025,Senin,1,0,10,42,Hujan,0,,bakso_sapi,Bakso Sapi,15000,43,645000
10/13/2025,Senin,1,0,10,42,Hujan,0,,soto_ayam,Soto Ayam,18000,37,666000
10/13/2025,Senin,1,0,10,42,Hujan,0,,es_jeruk,Es Jeruk,10000,44,440000
10/13/2025,Senin,1,0,10,42,Hujan,0,,gorengan,Gorengan,2000,152,304000
10/14/2025,Selasa,2,0,10,42,Berawan,0,,ayam_geprek,Ayam Geprek,18000,42,756000
10/14/2025,Selasa,2,0,10,42,Berawan,0,,nasi_goreng,Nasi Goreng,22000,38,836000
10/14/2025,Selasa,2,0,10,42,Berawan,0,,kopi_susu,Kopi Susu,16000,48,768000
10/14/2025,Selasa,2,0,10,42,Berawan,0,,es_teh_manis,Es Teh Manis,8000,57,456000
10/14/2025,Selasa,2,0,10,42,Berawan,0,,mie_goreng,Mie Goreng Spesial,15000,30,450000
10/14/2025,Selasa,2,0,10,42,Berawan,0,,sate_ayam,Sate Ayam,25000,19,475000
10/14/2025,Selasa,2,0,10,42,Berawan,0,,bakso_sapi,Bakso Sapi,15000,38,570000
10/14/2025,Selasa,2,0,10,42,Berawan,0,,soto_ayam,Soto Ayam,18000,31,558000
10/14/2025,Selasa,2,0,10,42,Berawan,0,,es_jeruk,Es Jeruk,10000,47,470000
10/14/2025,Selasa,2,0,10,42,Berawan,0,,gorengan,Gorengan,2000,124,248000
10/15/2025,Rabu,3,0,10,42,Berawan,0,,ayam_geprek,Ayam Geprek,18000,39,702000
10/15/2025,Rabu,3,0,10,42,Berawan,0,,nasi_goreng,Nasi Goreng,22000,32,704000
10/15/2025,Rabu,3,0,10,42,Berawan,0,,kopi_susu,Kopi Susu,16000,47,752000
10/15/2025,Rabu,3,0,10,42,Berawan,0,,es_teh_manis,Es Teh Manis,8000,60,480000
10/15/2025,Rabu,3,0,10,42,Berawan,0,,mie_goreng,Mie Goreng Spesial,15000,32,480000
10/15/2025,Rabu,3,0,10,42,Berawan,0,,sate_ayam,Sate Ayam,25000,20,500000
10/15/2025,Rabu,3,0,10,42,Berawan,0,,bakso_sapi,Bakso Sapi,15000,37,555000
10/15/2025,Rabu,3,0,10,42,Berawan,0,,soto_ayam,Soto Ayam,18000,30,540000
10/15/2025,Rabu,3,0,10,42,Berawan,0,,es_jeruk,Es Jeruk,10000,51,510000
10/15/2025,Rabu,3,0,10,42,Berawan,0,,gorengan,Gorengan,2000,129,258000
10/16/2025,Kamis,4,0,10,42,Berawan,0,,ayam_geprek,Ayam Geprek,18000,37,666000
10/16/2025,Kamis,4,0,10,42,Berawan,0,,nasi_goreng,Nasi Goreng,22000,32,704000
10/16/2025,Kamis,4,0,10,42,Berawan,0,,kopi_susu,Kopi Susu,16000,47,752000
10/16/2025,Kamis,4,0,10,42,Berawan,0,,es_teh_manis,Es Teh Manis,8000,61,488000
10/16/2025,Kamis,4,0,10,42,Berawan,0,,mie_goreng,Mie Goreng Spesial,15000,31,465000
10/16/2025,Kamis,4,0,10,42,Berawan,0,,sate_ayam,Sate Ayam,25000,19,475000
10/16/2025,Kamis,4,0,10,42,Berawan,0,,bakso_sapi,Bakso Sapi,15000,32,480000
10/16/2025,Kamis,4,0,10,42,Berawan,0,,soto_ayam,Soto Ayam,18000,27,486000
10/16/2025,Kamis,4,0,10,42,Berawan,0,,es_jeruk,Es Jeruk,10000,49,490000
10/16/2025,Kamis,4,0,10,42,Berawan,0,,gorengan,Gorengan,2000,122,244000
10/17/2025,Jumat,5,0,10,42,Cerah,0,,ayam_geprek,Ayam Geprek,18000,43,774000
10/17/2025,Jumat,5,0,10,42,Cerah,0,,nasi_goreng,Nasi Goreng,22000,34,748000
10/17/2025,Jumat,5,0,10,42,Cerah,0,,kopi_susu,Kopi Susu,16000,45,720000
10/17/2025,Jumat,5,0,10,42,Cerah,0,,es_teh_manis,Es Teh Manis,8000,73,584000
10/17/2025,Jumat,5,0,10,42,Cerah,0,,mie_goreng,Mie Goreng Spesial,15000,29,435000
10/17/2025,Jumat,5,0,10,42,Cerah,0,,sate_ayam,Sate Ayam,25000,20,500000
10/17/2025,Jumat,5,0,10,42,Cerah,0,,bakso_sapi,Bakso Sapi,15000,38,570000
10/17/2025,Jumat,5,0,10,42,Cerah,0,,soto_ayam,Soto Ayam,18000,33,594000
10/17/2025,Jumat,5,0,10,42,Cerah,0,,es_jeruk,Es Jeruk,10000,53,530000
10/17/2025,Jumat,5,0,10,42,Cerah,0,,gorengan,Gorengan,2000,130,260000
10/18/2025,Sabtu,6,1,10,42,Berawan,0,,ayam_geprek,Ayam Geprek,18000,46,828000
10/18/2025,Sabtu,6,1,10,42,Berawan,0,,nasi_goreng,Nasi Goreng,22000,42,924000
10/18/2025,Sabtu,6,1,10,42,Berawan,0,,kopi_susu,Kopi Susu,16000,59,944000
10/18/2025,Sabtu,6,1,10,42,Berawan,0,,es_teh_manis,Es Teh Manis,8000,72,576000
10/18/2025,Sabtu,6,1,10,42,Berawan,0,,mie_goreng,Mie Goreng Spesial,15000,35,525000
10/18/2025,Sabtu,6,1,10,42,Berawan,0,,sate_ayam,Sate Ayam,25000,25,625000
10/18/2025,Sabtu,6,1,10,42,Berawan,0,,bakso_sapi,Bakso Sapi,15000,40,600000
10/18/2025,Sabtu,6,1,10,42,Berawan,0,,soto_ayam,Soto Ayam,18000,33,594000
10/18/2025,Sabtu,6,1,10,42,Berawan,0,,es_jeruk,Es Jeruk,10000,56,560000
10/18/2025,Sabtu,6,1,10,42,Berawan,0,,gorengan,Gorengan,2000,133,266000
10/19/2025,Minggu,7,1,10,42,Cerah,0,,ayam_geprek,Ayam Geprek,18000,45,810000
10/19/2025,Minggu,7,1,10,42,Cerah,0,,nasi_goreng,Nasi Goreng,22000,43,946000
10/19/2025,Minggu,7,1,10,42,Cerah,0,,kopi_susu,Kopi Susu,16000,51,816000
10/19/2025,Minggu,7,1,10,42,Cerah,0,,es_teh_manis,Es Teh Manis,8000,80,640000
10/19/2025,Minggu,7,1,10,42,Cerah,0,,mie_goreng,Mie Goreng Spesial,15000,39,585000
10/19/2025,Minggu,7,1,10,42,Cerah,0,,sate_ayam,Sate Ayam,25000,24,600000
10/19/2025,Minggu,7,1,10,42,Cerah,0,,bakso_sapi,Bakso Sapi,15000,43,645000
10/19/2025,Minggu,7,1,10,42,Cerah,0,,soto_ayam,Soto Ayam,18000,34,612000
10/19/2025,Minggu,7,1,10,42,Cerah,0,,es_jeruk,Es Jeruk,10000,65,650000
10/19/2025,Minggu,7,1,10,42,Cerah,0,,gorengan,Gorengan,2000,131,262000
10/20/2025,Senin,1,0,10,43,Cerah,0,,ayam_geprek,Ayam Geprek,18000,38,684000
10/20/2025,Senin,1,0,10,43,Cerah,0,,nasi_goreng,Nasi Goreng,22000,33,726000
10/20/2025,Senin,1,0,10,43,Cerah,0,,kopi_susu,Kopi Susu,16000,41,656000
10/20/2025,Senin,1,0,10,43,Cerah,0,,es_teh_manis,Es Teh Manis,8000,64,512000
10/20/2025,Senin,1,0,10,43,Cerah,0,,mie_goreng,Mie Goreng Spesial,15000,30,450000
10/20/2025,Senin,1,0,10,43,Cerah,0,,sate_ayam,Sate Ayam,25000,19,475000
10/20/2025,Senin,1,0,10,43,Cerah,0,,bakso_sapi,Bakso Sapi,15000,34,510000
10/20/2025,Senin,1,0,10,43,Cerah,0,,soto_ayam,Soto Ayam,18000,30,540000
10/20/2025,Senin,1,0,10,43,Cerah,0,,es_jeruk,Es Jeruk,10000,60,600000
10/20/2025,Senin,1,0,10,43,Cerah,0,,gorengan,Gorengan,2000,109,218000
10/21/2025,Selasa,2,0,10,43,Berawan,0,,ayam_geprek,Ayam Geprek,18000,41,738000
10/21/2025,Selasa,2,0,10,43,Berawan,0,,nasi_goreng,Nasi Goreng,22000,32,704000
10/21/2025,Selasa,2,0,10,43,Berawan,0,,kopi_susu,Kopi Susu,16000,48,768000
10/21/2025,Selasa,2,0,10,43,Berawan,0,,es_teh_manis,Es Teh Manis,8000,65,520000
10/21/2025,Selasa,2,0,10,43,Berawan,0,,mie_goreng,Mie Goreng Spesial,15000,27,405000
10/21/2025,Selasa,2,0,10,43,Berawan,0,,sate_ayam,Sate Ayam,25000,19,475000
10/21/2025,Selasa,2,0,10,43,Berawan,0,,bakso_sapi,Bakso Sapi,15000,37,555000
10/21/2025,Selasa,2,0,10,43,Berawan,0,,soto_ayam,Soto Ayam,18000,31,558000
10/21/2025,Selasa,2,0,10,43,Berawan,0,,es_jeruk,Es Jeruk,10000,47,470000
10/21/2025,Selasa,2,0,10,43,Berawan,0,,gorengan,Gorengan,2000,113,226000
10/22/2025,Rabu,3,0,10,43,Cerah,0,,ayam_geprek,Ayam Geprek,18000,40,720000
10/22/2025,Rabu,3,0,10,43,Cerah,0,,nasi_goreng,Nasi Goreng,22000,36,792000
10/22/2025,Rabu,3,0,10,43,Cerah,0,,kopi_susu,Kopi Susu,16000,44,704000
10/22/2025,Rabu,3,0,10,43,Cerah,0,,es_teh_manis,Es Teh Manis,8000,68,544000
10/22/2025,Rabu,3,0,10,43,Cerah,0,,mie_goreng,Mie Goreng Spesial,15000,31,465000
10/22/2025,Rabu,3,0,10,43,Cerah,0,,sate_ayam,Sate Ayam,25000,18,450000
10/22/2025,Rabu,3,0,10,43,Cerah,0,,bakso_sapi,Bakso Sapi,15000,33,495000
10/22/2025,Rabu,3,0,10,43,Cerah,0,,soto_ayam,Soto Ayam,18000,31,558000
10/22/2025,Rabu,3,0,10,43,Cerah,0,,es_jeruk,Es Jeruk,10000,62,620000
10/22/2025,Rabu,3,0,10,43,Cerah,0,,gorengan,Gorengan,2000,120,240000
10/23/2025,Kamis,4,0,10,43,Berawan,0,,ayam_geprek,Ayam Geprek,18000,37,666000
10/23/2025,Kamis,4,0,10,43,Berawan,0,,nasi_goreng,Nasi Goreng,22000,35,770000
10/23/2025,Kamis,4,0,10,43,Berawan,0,,kopi_susu,Kopi Susu,16000,45,720000
10/23/2025,Kamis,4,0,10,43,Berawan,0,,es_teh_manis,Es Teh Manis,8000,57,456000
10/23/2025,Kamis,4,0,10,43,Berawan,0,,mie_goreng,Mie Goreng Spesial,15000,29,435000
10/23/2025,Kamis,4,0,10,43,Berawan,0,,sate_ayam,Sate Ayam,25000,20,500000
10/23/2025,Kamis,4,0,10,43,Berawan,0,,bakso_sapi,Bakso Sapi,15000,32,480000
10/23/2025,Kamis,4,0,10,43,Berawan,0,,soto_ayam,Soto Ayam,18000,29,522000
10/23/2025,Kamis,4,0,10,43,Berawan,0,,es_jeruk,Es Jeruk,10000,47,470000
10/23/2025,Kamis,4,0,10,43,Berawan,0,,gorengan,Gorengan,2000,116,232000
10/24/2025,Jumat,5,0,10,43,Cerah,1,Promo Jumat Berkah,ayam_geprek,Ayam Geprek,18000,47,846000
10/24/2025,Jumat,5,0,10,43,Cerah,1,Promo Jumat Berkah,nasi_goreng,Nasi Goreng,22000,42,924000
10/24/2025,Jumat,5,0,10,43,Cerah,1,Promo Jumat Berkah,kopi_susu,Kopi Susu,16000,55,880000
10/24/2025,Jumat,5,0,10,43,Cerah,1,Promo Jumat Berkah,es_teh_manis,Es Teh Manis,8000,79,632000
10/24/2025,Jumat,5,0,10,43,Cerah,1,Promo Jumat Berkah,mie_goreng,Mie Goreng Spesial,15000,32,480000
10/24/2025,Jumat,5,0,10,43,Cerah,1,Promo Jumat Berkah,sate_ayam,Sate Ayam,25000,23,575000
10/24/2025,Jumat,5,0,10,43,Cerah,1,Promo Jumat Berkah,bakso_sapi,Bakso Sapi,15000,41,615000
10/24/2025,Jumat,5,0,10,43,Cerah,1,Promo Jumat Berkah,soto_ayam,Soto Ayam,18000,36,648000
10/24/2025,Jumat,5,0,10,43,Cerah,1,Promo Jumat Berkah,es_jeruk,Es Jeruk,10000,65,650000
10/24/2025,Jumat,5,0,10,43,Cerah,1,Promo Jumat Berkah,gorengan,Gorengan,2000,128,256000
10/25/2025,Sabtu,6,1,10,43,Cerah,1,Periode Gajian,ayam_geprek,Ayam Geprek,18000,61,1098000
10/25/2025,Sabtu,6,1,10,43,Cerah,1,Periode Gajian,nasi_goreng,Nasi Goreng,22000,56,1232000
10/25/2025,Sabtu,6,1,10,43,Cerah,1,Periode Gajian,kopi_susu,Kopi Susu,16000,71,1136000
10/25/2025,Sabtu,6,1,10,43,Cerah,1,Periode Gajian,es_teh_manis,Es Teh Manis,8000,105,840000
10/25/2025,Sabtu,6,1,10,43,Cerah,1,Periode Gajian,mie_goreng,Mie Goreng Spesial,15000,51,765000
10/25/2025,Sabtu,6,1,10,43,Cerah,1,Periode Gajian,sate_ayam,Sate Ayam,25000,32,800000
10/25/2025,Sabtu,6,1,10,43,Cerah,1,Periode Gajian,bakso_sapi,Bakso Sapi,15000,52,780000
10/25/2025,Sabtu,6,1,10,43,Cerah,1,Periode Gajian,soto_ayam,Soto Ayam,18000,43,774000
10/25/2025,Sabtu,6,1,10,43,Cerah,1,Periode Gajian,es_jeruk,Es Jeruk,10000,83,830000
10/25/2025,Sabtu,6,1,10,43,Cerah,1,Periode Gajian,gorengan,Gorengan,2000,178,356000
10/26/2025,Minggu,7,1,10,43,Cerah,1,Periode Gajian,ayam_geprek,Ayam Geprek,18000,58,1044000
10/26/2025,Minggu,7,1,10,43,Cerah,1,Periode Gajian,nasi_goreng,Nasi Goreng,22000,52,1144000
10/26/2025,Minggu,7,1,10,43,Cerah,1,Periode Gajian,kopi_susu,Kopi Susu,16000,66,1056000
10/26/2025,Minggu,7,1,10,43,Cerah,1,Periode Gajian,es_teh_manis,Es Teh Manis,8000,116,928000
10/26/2025,Minggu,7,1,10,43,Cerah,1,Periode Gajian,mie_goreng,Mie Goreng Spesial,15000,43,645000
10/26/2025,Minggu,7,1,10,43,Cerah,1,Periode Gajian,sate_ayam,Sate Ayam,25000,31,775000
10/26/2025,Minggu,7,1,10,43,Cerah,1,Periode Gajian,bakso_sapi,Bakso Sapi,15000,54,810000
10/26/2025,Minggu,7,1,10,43,Cerah,1,Periode Gajian,soto_ayam,Soto Ayam,18000,51,918000
10/26/2025,Minggu,7,1,10,43,Cerah,1,Periode Gajian,es_jeruk,Es Jeruk,10000,83,830000
10/26/2025,Minggu,7,1,10,43,Cerah,1,Periode Gajian,gorengan,Gorengan,2000,183,366000
10/27/2025,Senin,1,0,10,44,Hujan,1,Periode Gajian,ayam_geprek,Ayam Geprek,18000,56,1008000
10/27/2025,Senin,1,0,10,44,Hujan,1,Periode Gajian,nasi_goreng,Nasi Goreng,22000,48,1056000
10/27/2025,Senin,1,0,10,44,Hujan,1,Periode Gajian,kopi_susu,Kopi Susu,16000,45,720000
10/27/2025,Senin,1,0,10,44,Hujan,1,Periode Gajian,es_teh_manis,Es Teh Manis,8000,58,464000
10/27/2025,Senin,1,0,10,44,Hujan,1,Periode Gajian,mie_goreng,Mie Goreng Spesial,15000,40,600000
10/27/2025,Senin,1,0,10,44,Hujan,1,Periode Gajian,sate_ayam,Sate Ayam,25000,28,700000
10/27/2025,Senin,1,0,10,44,Hujan,1,Periode Gajian,bakso_sapi,Bakso Sapi,15000,53,795000
10/27/2025,Senin,1,0,10,44,Hujan,1,Periode Gajian,soto_ayam,Soto Ayam,18000,45,810000
10/27/2025,Senin,1,0,10,44,Hujan,1,Periode Gajian,es_jeruk,Es Jeruk,10000,50,500000
10/27/2025,Senin,1,0,10,44,Hujan,1,Periode Gajian,gorengan,Gorengan,2000,189,378000
10/28/2025,Selasa,2,0,10,44,Cerah,1,Periode Gajian,ayam_geprek,Ayam Geprek,18000,50,900000
10/28/2025,Selasa,2,0,10,44,Cerah,1,Periode Gajian,nasi_goreng,Nasi Goreng,22000,45,990000
10/28/2025,Selasa,2,0,10,44,Cerah,1,Periode Gajian,kopi_susu,Kopi Susu,16000,59,944000
10/28/2025,Selasa,2,0,10,44,Cerah,1,Periode Gajian,es_teh_manis,Es Teh Manis,8000,85,680000
10/28/2025,Selasa,2,0,10,44,Cerah,1,Periode Gajian,mie_goreng,Mie Goreng Spesial,15000,36,540000
10/28/2025,Selasa,2,0,10,44,Cerah,1,Periode Gajian,sate_ayam,Sate Ayam,25000,27,675000
10/28/2025,Selasa,2,0,10,44,Cerah,1,Periode Gajian,bakso_sapi,Bakso Sapi,15000,44,660000
10/28/2025,Selasa,2,0,10,44,Cerah,1,Periode Gajian,soto_ayam,Soto Ayam,18000,40,720000
10/28/2025,Selasa,2,0,10,44,Cerah,1,Periode Gajian,es_jeruk,Es Jeruk,10000,70,700000
10/28/2025,Selasa,2,0,10,44,Cerah,1,Periode Gajian,gorengan,Gorengan,2000,155,310000
10/29/2025,Rabu,3,0,10,44,Berawan,1,Periode Gajian,ayam_geprek,Ayam Geprek,18000,47,846000
10/29/2025,Rabu,3,0,10,44,Berawan,1,Periode Gajian,nasi_goreng,Nasi Goreng,22000,44,968000
10/29/2025,Rabu,3,0,10,44,Berawan,1,Periode Gajian,kopi_susu,Kopi Susu,16000,54,864000
10/29/2025,Rabu,3,0,10,44,Berawan,1,Periode Gajian,es_teh_manis,Es Teh Manis,8000,71,568000
10/29/2025,Rabu,3,0,10,44,Berawan,1,Periode Gajian,mie_goreng,Mie Goreng Spesial,15000,43,645000
10/29/2025,Rabu,3,0,10,44,Berawan,1,Periode Gajian,sate_ayam,Sate Ayam,25000,25,625000
10/29/2025,Rabu,3,0,10,44,Berawan,1,Periode Gajian,bakso_sapi,Bakso Sapi,15000,48,720000
10/29/2025,Rabu,3,0,10,44,Berawan,1,Periode Gajian,soto_ayam,Soto Ayam,18000,37,666000
10/29/2025,Rabu,3,0,10,44,Berawan,1,Periode Gajian,es_jeruk,Es Jeruk,10000,67,670000
10/29/2025,Rabu,3,0,10,44,Berawan,1,Periode Gajian,gorengan,Gorengan,2000,164,328000
10/30/2025,Kamis,4,0,10,44,Berawan,1,Periode Gajian,ayam_geprek,Ayam Geprek,18000,52,936000
10/30/2025,Kamis,4,0,10,44,Berawan,1,Periode Gajian,nasi_goreng,Nasi Goreng,22000,45,990000
10/30/2025,Kamis,4,0,10,44,Berawan,1,Periode Gajian,kopi_susu,Kopi Susu,16000,57,912000
10/30/2025,Kamis,4,0,10,44,Berawan,1,Periode Gajian,es_teh_manis,Es Teh Manis,8000,85,680000
10/30/2025,Kamis,4,0,10,44,Berawan,1,Periode Gajian,mie_goreng,Mie Goreng Spesial,15000,42,630000
10/30/2025,Kamis,4,0,10,44,Berawan,1,Periode Gajian,sate_ayam,Sate Ayam,25000,28,700000
10/30/2025,Kamis,4,0,10,44,Berawan,1,Periode Gajian,bakso_sapi,Bakso Sapi,15000,42,630000
10/30/2025,Kamis,4,0,10,44,Berawan,1,Periode Gajian,soto_ayam,Soto Ayam,18000,41,738000
10/30/2025,Kamis,4,0,10,44,Berawan,1,Periode Gajian,es_jeruk,Es Jeruk,10000,71,710000
10/30/2025,Kamis,4,0,10,44,Berawan,1,Periode Gajian,gorengan,Gorengan,2000,146,292000
10/31/2025,Jumat,5,0,10,44,Cerah,1,Periode Gajian,ayam_geprek,Ayam Geprek,18000,55,990000
10/31/2025,Jumat,5,0,10,44,Cerah,1,Periode Gajian,nasi_goreng,Nasi Goreng,22000,46,1012000
10/31/2025,Jumat,5,0,10,44,Cerah,1,Periode Gajian,kopi_susu,Kopi Susu,16000,62,992000
10/31/2025,Jumat,5,0,10,44,Cerah,1,Periode Gajian,es_teh_manis,Es Teh Manis,8000,83,664000
10/31/2025,Jumat,5,0,10,44,Cerah,1,Periode Gajian,mie_goreng,Mie Goreng Spesial,15000,41,615000
10/31/2025,Jumat,5,0,10,44,Cerah,1,Periode Gajian,sate_ayam,Sate Ayam,25000,24,600000
10/31/2025,Jumat,5,0,10,44,Cerah,1,Periode Gajian,bakso_sapi,Bakso Sapi,15000,42,630000
10/31/2025,Jumat,5,0,10,44,Cerah,1,Periode Gajian,soto_ayam,Soto Ayam,18000,36,648000
10/31/2025,Jumat,5,0,10,44,Cerah,1,Periode Gajian,es_jeruk,Es Jeruk,10000,79,790000
10/31/2025,Jumat,5,0,10,44,Cerah,1,Periode Gajian,gorengan,Gorengan,2000,161,322000
11/01/2025,Sabtu,6,1,11,44,Berawan,1,Periode Gajian,ayam_geprek,Ayam Geprek,18000,61,1098000
11/01/2025,Sabtu,6,1,11,44,Berawan,1,Periode Gajian,nasi_goreng,Nasi Goreng,22000,59,1298000
11/01/2025,Sabtu,6,1,11,44,Berawan,1,Periode Gajian,kopi_susu,Kopi Susu,16000,69,1104000
11/01/2025,Sabtu,6,1,11,44,Berawan,1,Periode Gajian,es_teh_manis,Es Teh Manis,8000,100,800000
11/01/2025,Sabtu,6,1,11,44,Berawan,1,Periode Gajian,mie_goreng,Mie Goreng Spesial,15000,46,690000
11/01/2025,Sabtu,6,1,11,44,Berawan,1,Periode Gajian,sate_ayam,Sate Ayam,25000,30,750000
11/01/2025,Sabtu,6,1,11,44,Berawan,1,Periode Gajian,bakso_sapi,Bakso Sapi,15000,54,810000
11/01/2025,Sabtu,6,1,11,44,Berawan,1,Periode Gajian,soto_ayam,Soto Ayam,18000,45,810000
11/01/2025,Sabtu,6,1,11,44,Berawan,1,Periode Gajian,es_jeruk,Es Jeruk,10000,82,820000
11/01/2025,Sabtu,6,1,11,44,Berawan,1,Periode Gajian,gorengan,Gorengan,2000,187,374000
11/02/2025,Minggu,7,1,11,44,Cerah,1,Periode Gajian,ayam_geprek,Ayam Geprek,18000,67,1206000
11/02/2025,Minggu,7,1,11,44,Cerah,1,Periode Gajian,nasi_goreng,Nasi Goreng,22000,53,1166000
11/02/2025,Minggu,7,1,11,44,Cerah,1,Periode Gajian,kopi_susu,Kopi Susu,16000,71,1136000
11/02/2025,Minggu,7,1,11,44,Cerah,1,Periode Gajian,es_teh_manis,Es Teh Manis,8000,116,928000
11/02/2025,Minggu,7,1,11,44,Cerah,1,Periode Gajian,mie_goreng,Mie Goreng Spesial,15000,48,720000
11/02/2025,Minggu,7,1,11,44,Cerah,1,Periode Gajian,sate_ayam,Sate Ayam,25000,29,725000
11/02/2025,Minggu,7,1,11,44,Cerah,1,Periode Gajian,bakso_sapi,Bakso Sapi,15000,59,885000
11/02/2025,Minggu,7,1,11,44,Cerah,1,Periode Gajian,soto_ayam,Soto Ayam,18000,48,864000
11/02/2025,Minggu,7,1,11,44,Cerah,1,Periode Gajian,es_jeruk,Es Jeruk,10000,87,870000
11/02/2025,Minggu,7,1,11,44,Cerah,1,Periode Gajian,gorengan,Gorengan,2000,174,348000
11/03/2025,Senin,1,0,11,45,Berawan,0,,ayam_geprek,Ayam Geprek,18000,41,738000
11/03/2025,Senin,1,0,11,45,Berawan,0,,nasi_goreng,Nasi Goreng,22000,35,770000
11/03/2025,Senin,1,0,11,45,Berawan,0,,kopi_susu,Kopi Susu,16000,49,784000
11/03/2025,Senin,1,0,11,45,Berawan,0,,es_teh_manis,Es Teh Manis,8000,63,504000
11/03/2025,Senin,1,0,11,45,Berawan,0,,mie_goreng,Mie Goreng Spesial,15000,28,420000
11/03/2025,Senin,1,0,11,45,Berawan,0,,sate_ayam,Sate Ayam,25000,19,475000
11/03/2025,Senin,1,0,11,45,Berawan,0,,bakso_sapi,Bakso Sapi,15000,33,495000
11/03/2025,Senin,1,0,11,45,Berawan,0,,soto_ayam,Soto Ayam,18000,31,558000
11/03/2025,Senin,1,0,11,45,Berawan,0,,es_jeruk,Es Jeruk,10000,45,450000
11/03/2025,Senin,1,0,11,45,Berawan,0,,gorengan,Gorengan,2000,122,244000
11/04/2025,Selasa,2,0,11,45,Berawan,0,,ayam_geprek,Ayam Geprek,18000,43,774000
11/04/2025,Selasa,2,0,11,45,Berawan,0,,nasi_goreng,Nasi Goreng,22000,34,748000
11/04/2025,Selasa,2,0,11,45,Berawan,0,,kopi_susu,Kopi Susu,16000,48,768000
11/04/2025,Selasa,2,0,11,45,Berawan,0,,es_teh_manis,Es Teh Manis,8000,55,440000
11/04/2025,Selasa,2,0,11,45,Berawan,0,,mie_goreng,Mie Goreng Spesial,15000,32,480000
11/04/2025,Selasa,2,0,11,45,Berawan,0,,sate_ayam,Sate Ayam,25000,19,475000
11/04/2025,Selasa,2,0,11,45,Berawan,0,,bakso_sapi,Bakso Sapi,15000,34,510000
11/04/2025,Selasa,2,0,11,45,Berawan,0,,soto_ayam,Soto Ayam,18000,32,576000
11/04/2025,Selasa,2,0,11,45,Berawan,0,,es_jeruk,Es Jeruk,10000,46,460000
11/04/2025,Selasa,2,0,11,45,Berawan,0,,gorengan,Gorengan,2000,114,228000
11/05/2025,Rabu,3,0,11,45,Berawan,0,,ayam_geprek,Ayam Geprek,18000,42,756000
11/05/2025,Rabu,3,0,11,45,Berawan,0,,nasi_goreng,Nasi Goreng,22000,36,792000
11/05/2025,Rabu,3,0,11,45,Berawan,0,,kopi_susu,Kopi Susu,16000,47,752000
11/05/2025,Rabu,3,0,11,45,Berawan,0,,es_teh_manis,Es Teh Manis,8000,61,488000
11/05/2025,Rabu,3,0,11,45,Berawan,0,,mie_goreng,Mie Goreng Spesial,15000,29,435000
11/05/2025,Rabu,3,0,11,45,Berawan,0,,sate_ayam,Sate Ayam,25000,19,475000
11/05/2025,Rabu,3,0,11,45,Berawan,0,,bakso_sapi,Bakso Sapi,15000,33,495000
11/05/2025,Rabu,3,0,11,45,Berawan,0,,soto_ayam,Soto Ayam,18000,32,576000
11/05/2025,Rabu,3,0,11,45,Berawan,0,,es_jeruk,Es Jeruk,10000,51,510000
11/05/2025,Rabu,3,0,11,45,Berawan,0,,gorengan,Gorengan,2000,118,236000
11/06/2025,Kamis,4,0,11,45,Berawan,0,,ayam_geprek,Ayam Geprek,18000,44,792000
11/06/2025,Kamis,4,0,11,45,Berawan,0,,nasi_goreng,Nasi Goreng,22000,33,726000
11/06/2025,Kamis,4,0,11,45,Berawan,0,,kopi_susu,Kopi Susu,16000,46,736000
11/06/2025,Kamis,4,0,11,45,Berawan,0,,es_teh_manis,Es Teh Manis,8000,60,480000
11/06/2025,Kamis,4,0,11,45,Berawan,0,,mie_goreng,Mie Goreng Spesial,15000,31,465000
11/06/2025,Kamis,4,0,11,45,Berawan,0,,sate_ayam,Sate Ayam,25000,18,450000
11/06/2025,Kamis,4,0,11,45,Berawan,0,,bakso_sapi,Bakso Sapi,15000,38,570000
11/06/2025,Kamis,4,0,11,45,Berawan,0,,soto_ayam,Soto Ayam,18000,33,594000
11/06/2025,Kamis,4,0,11,45,Berawan,0,,es_jeruk,Es Jeruk,10000,51,510000
11/06/2025,Kamis,4,0,11,45,Berawan,0,,gorengan,Gorengan,2000,125,250000
11/07/2025,Jumat,5,0,11,45,Hujan,1,Promo Jumat Berkah,ayam_geprek,Ayam Geprek,18000,43,774000
11/07/2025,Jumat,5,0,11,45,Hujan,1,Promo Jumat Berkah,nasi_goreng,Nasi Goreng,22000,41,902000
11/07/2025,Jumat,5,0,11,45,Hujan,1,Promo Jumat Berkah,kopi_susu,Kopi Susu,16000,42,672000
11/07/2025,Jumat,5,0,11,45,Hujan,1,Promo Jumat Berkah,es_teh_manis,Es Teh Manis,8000,54,432000
11/07/2025,Jumat,5,0,11,45,Hujan,1,Promo Jumat Berkah,mie_goreng,Mie Goreng Spesial,15000,36,540000
11/07/2025,Jumat,5,0,11,45,Hujan,1,Promo Jumat Berkah,sate_ayam,Sate Ayam,25000,25,625000
11/07/2025,Jumat,5,0,11,45,Hujan,1,Promo Jumat Berkah,bakso_sapi,Bakso Sapi,15000,50,750000
11/07/2025,Jumat,5,0,11,45,Hujan,1,Promo Jumat Berkah,soto_ayam,Soto Ayam,18000,39,702000
11/07/2025,Jumat,5,0,11,45,Hujan,1,Promo Jumat Berkah,es_jeruk,Es Jeruk,10000,42,420000
11/07/2025,Jumat,5,0,11,45,Hujan,1,Promo Jumat Berkah,gorengan,Gorengan,2000,174,348000
11/08/2025,Sabtu,6,1,11,45,Hujan,0,,ayam_geprek,Ayam Geprek,18000,44,792000
11/08/2025,Sabtu,6,1,11,45,Hujan,0,,nasi_goreng,Nasi Goreng,22000,46,1012000
11/08/2025,Sabtu,6,1,11,45,Hujan,0,,kopi_susu,Kopi Susu,16000,46,736000
11/08/2025,Sabtu,6,1,11,45,Hujan,0,,es_teh_manis,Es Teh Manis,8000,58,464000
11/08/2025,Sabtu,6,1,11,45,Hujan,0,,mie_goreng,Mie Goreng Spesial,15000,37,555000
11/08/2025,Sabtu,6,1,11,45,Hujan,0,,sate_ayam,Sate Ayam,25000,24,600000
11/08/2025,Sabtu,6,1,11,45,Hujan,0,,bakso_sapi,Bakso Sapi,15000,44,660000
11/08/2025,Sabtu,6,1,11,45,Hujan,0,,soto_ayam,Soto Ayam,18000,40,720000
11/08/2025,Sabtu,6,1,11,45,Hujan,0,,es_jeruk,Es Jeruk,10000,51,510000
11/08/2025,Sabtu,6,1,11,45,Hujan,0,,gorengan,Gorengan,2000,149,298000
11/09/2025,Minggu,7,1,11,45,Cerah,0,,ayam_geprek,Ayam Geprek,18000,47,846000
11/09/2025,Minggu,7,1,11,45,Cerah,0,,nasi_goreng,Nasi Goreng,22000,42,924000
11/09/2025,Minggu,7,1,11,45,Cerah,0,,kopi_susu,Kopi Susu,16000,59,944000
11/09/2025,Minggu,7,1,11,45,Cerah,0,,es_teh_manis,Es Teh Manis,8000,80,640000
11/09/2025,Minggu,7,1,11,45,Cerah,0,,mie_goreng,Mie Goreng Spesial,15000,35,525000
11/09/2025,Minggu,7,1,11,45,Cerah,0,,sate_ayam,Sate Ayam,25000,25,625000
11/09/2025,Minggu,7,1,11,45,Cerah,0,,bakso_sapi,Bakso Sapi,15000,42,630000
11/09/2025,Minggu,7,1,11,45,Cerah,0,,soto_ayam,Soto Ayam,18000,34,612000
11/09/2025,Minggu,7,1,11,45,Cerah,0,,es_jeruk,Es Jeruk,10000,68,680000
11/09/2025,Minggu,7,1,11,45,Cerah,0,,gorengan,Gorengan,2000,134,268000
11/10/2025,Senin,1,0,11,46,Cerah,0,,ayam_geprek,Ayam Geprek,18000,40,720000
11/10/2025,Senin,1,0,11,46,Cerah,0,,nasi_goreng,Nasi Goreng,22000,34,748000
11/10/2025,Senin,1,0,11,46,Cerah,0,,kopi_susu,Kopi Susu,16000,49,784000
11/10/2025,Senin,1,0,11,46,Cerah,0,,es_teh_manis,Es Teh Manis,8000,67,536000
11/10/2025,Senin,1,0,11,46,Cerah,0,,mie_goreng,Mie Goreng Spesial,15000,30,450000
11/10/2025,Senin,1,0,11,46,Cerah,0,,sate_ayam,Sate Ayam,25000,21,525000
11/10/2025,Senin,1,0,11,46,Cerah,0,,bakso_sapi,Bakso Sapi,15000,32,480000
11/10/2025,Senin,1,0,11,46,Cerah,0,,soto_ayam,Soto Ayam,18000,31,558000
11/10/2025,Senin,1,0,11,46,Cerah,0,,es_jeruk,Es Jeruk,10000,54,540000
11/10/2025,Senin,1,0,11,46,Cerah,0,,gorengan,Gorengan,2000,131,262000
11/11/2025,Selasa,2,0,11,46,Cerah,0,,ayam_geprek,Ayam Geprek,18000,39,702000
11/11/2025,Selasa,2,0,11,46,Cerah,0,,nasi_goreng,Nasi Goreng,22000,32,704000
11/11/2025,Selasa,2,0,11,46,Cerah,0,,kopi_susu,Kopi Susu,16000,49,784000
11/11/2025,Selasa,2,0,11,46,Cerah,0,,es_teh_manis,Es Teh Manis,8000,69,552000
11/11/2025,Selasa,2,0,11,46,Cerah,0,,mie_goreng,Mie Goreng Spesial,15000,31,465000
11/11/2025,Selasa,2,0,11,46,Cerah,0,,sate_ayam,Sate Ayam,25000,18,450000
11/11/2025,Selasa,2,0,11,46,Cerah,0,,bakso_sapi,Bakso Sapi,15000,37,555000
11/11/2025,Selasa,2,0,11,46,Cerah,0,,soto_ayam,Soto Ayam,18000,28,504000
11/11/2025,Selasa,2,0,11,46,Cerah,0,,es_jeruk,Es Jeruk,10000,62,620000
11/11/2025,Selasa,2,0,11,46,Cerah,0,,gorengan,Gorengan,2000,113,226000
11/12/2025,Rabu,3,0,11,46,Cerah,0,,ayam_geprek,Ayam Geprek,18000,36,648000
11/12/2025,Rabu,3,0,11,46,Cerah,0,,nasi_goreng,Nasi Goreng,22000,35,770000
11/12/2025,Rabu,3,0,11,46,Cerah,0,,kopi_susu,Kopi Susu,16000,46,736000
11/12/2025,Rabu,3,0,11,46,Cerah,0,,es_teh_manis,Es Teh Manis,8000,63,504000
11/12/2025,Rabu,3,0,11,46,Cerah,0,,mie_goreng,Mie Goreng Spesial,15000,32,480000
11/12/2025,Rabu,3,0,11,46,Cerah,0,,sate_ayam,Sate Ayam,25000,20,500000
11/12/2025,Rabu,3,0,11,46,Cerah,0,,bakso_sapi,Bakso Sapi,15000,35,525000
11/12/2025,Rabu,3,0,11,46,Cerah,0,,soto_ayam,Soto Ayam,18000,30,540000
11/12/2025,Rabu,3,0,11,46,Cerah,0,,es_jeruk,Es Jeruk,10000,56,560000
11/12/2025,Rabu,3,0,11,46,Cerah,0,,gorengan,Gorengan,2000,121,242000
11/13/2025,Kamis,4,0,11,46,Cerah,0,,ayam_geprek,Ayam Geprek,18000,37,666000
11/13/2025,Kamis,4,0,11,46,Cerah,0,,nasi_goreng,Nasi Goreng,22000,38,836000
11/13/2025,Kamis,4,0,11,46,Cerah,0,,kopi_susu,Kopi Susu,16000,49,784000
11/13/2025,Kamis,4,0,11,46,Cerah,0,,es_teh_manis,Es Teh Manis,8000,67,536000
11/13/2025,Kamis,4,0,11,46,Cerah,0,,mie_goreng,Mie Goreng Spesial,15000,29,435000
11/13/2025,Kamis,4,0,11,46,Cerah,0,,sate_ayam,Sate Ayam,25000,21,525000
11/13/2025,Kamis,4,0,11,46,Cerah,0,,bakso_sapi,Bakso Sapi,15000,34,510000
11/13/2025,Kamis,4,0,11,46,Cerah,0,,soto_ayam,Soto Ayam,18000,27,486000
11/13/2025,Kamis,4,0,11,46,Cerah,0,,es_jeruk,Es Jeruk,10000,54,540000
11/13/2025,Kamis,4,0,11,46,Cerah,0,,gorengan,Gorengan,2000,125,250000
11/14/2025,Jumat,5,0,11,46,Berawan,0,,ayam_geprek,Ayam Geprek,18000,38,684000
11/14/2025,Jumat,5,0,11,46,Berawan,0,,nasi_goreng,Nasi Goreng,22000,33,726000
11/14/2025,Jumat,5,0,11,46,Berawan,0,,kopi_susu,Kopi Susu,16000,47,752000
11/14/2025,Jumat,5,0,11,46,Berawan,0,,es_teh_manis,Es Teh Manis,8000,54,432000
11/14/2025,Jumat,5,0,11,46,Berawan,0,,mie_goreng,Mie Goreng Spesial,15000,28,420000
11/14/2025,Jumat,5,0,11,46,Berawan,0,,sate_ayam,Sate Ayam,25000,21,525000
11/14/2025,Jumat,5,0,11,46,Berawan,0,,bakso_sapi,Bakso Sapi,15000,33,495000
11/14/2025,Jumat,5,0,11,46,Berawan,0,,soto_ayam,Soto Ayam,18000,31,558000
11/14/2025,Jumat,5,0,11,46,Berawan,0,,es_jeruk,Es Jeruk,10000,47,470000
11/14/2025,Jumat,5,0,11,46,Berawan,0,,gorengan,Gorengan,2000,110,220000
11/15/2025,Sabtu,6,1,11,46,Cerah,0,,ayam_geprek,Ayam Geprek,18000,50,900000
11/15/2025,Sabtu,6,1,11,46,Cerah,0,,nasi_goreng,Nasi Goreng,22000,45,990000
11/15/2025,Sabtu,6,1,11,46,Cerah,0,,kopi_susu,Kopi Susu,16000,58,928000
11/15/2025,Sabtu,6,1,11,46,Cerah,0,,es_teh_manis,Es Teh Manis,8000,81,648000
11/15/2025,Sabtu,6,1,11,46,Cerah,0,,mie_goreng,Mie Goreng Spesial,15000,37,555000
11/15/2025,Sabtu,6,1,11,46,Cerah,0,,sate_ayam,Sate Ayam,25000,23,575000
11/15/2025,Sabtu,6,1,11,46,Cerah,0,,bakso_sapi,Bakso Sapi,15000,40,600000
11/15/2025,Sabtu,6,1,11,46,Cerah,0,,soto_ayam,Soto Ayam,18000,39,702000
11/15/2025,Sabtu,6,1,11,46,Cerah,0,,es_jeruk,Es Jeruk,10000,62,620000
11/15/2025,Sabtu,6,1,11,46,Cerah,0,,gorengan,Gorengan,2000,132,264000
11/16/2025,Minggu,7,1,11,46,Cerah,0,,ayam_geprek,Ayam Geprek,18000,43,774000
11/16/2025,Minggu,7,1,11,46,Cerah,0,,nasi_goreng,Nasi Goreng,22000,39,858000
11/16/2025,Minggu,7,1,11,46,Cerah,0,,kopi_susu,Kopi Susu,16000,55,880000
11/16/2025,Minggu,7,1,11,46,Cerah,0,,es_teh_manis,Es Teh Manis,8000,81,648000
11/16/2025,Minggu,7,1,11,46,Cerah,0,,mie_goreng,Mie Goreng Spesial,15000,39,585000
11/16/2025,Minggu,7,1,11,46,Cerah,0,,sate_ayam,Sate Ayam,25000,26,650000
11/16/2025,Minggu,7,1,11,46,Cerah,0,,bakso_sapi,Bakso Sapi,15000,41,615000
11/16/2025,Minggu,7,1,11,46,Cerah,0,,soto_ayam,Soto Ayam,18000,34,612000
11/16/2025,Minggu,7,1,11,46,Cerah,0,,es_jeruk,Es Jeruk,10000,67,670000
11/16/2025,Minggu,7,1,11,46,Cerah,0,,gorengan,Gorengan,2000,147,294000
11/17/2025,Senin,1,0,11,47,Cerah,0,,ayam_geprek,Ayam Geprek,18000,41,738000
11/17/2025,Senin,1,0,11,47,Cerah,0,,nasi_goreng,Nasi Goreng,22000,34,748000
11/17/2025,Senin,1,0,11,47,Cerah,0,,kopi_susu,Kopi Susu,16000,45,720000
11/17/2025,Senin,1,0,11,47,Cerah,0,,es_teh_manis,Es Teh Manis,8000,68,544000
11/17/2025,Senin,1,0,11,47,Cerah,0,,mie_goreng,Mie Goreng Spesial,15000,29,435000
11/17/2025,Senin,1,0,11,47,Cerah,0,,sate_ayam,Sate Ayam,25000,22,550000
11/17/2025,Senin,1,0,11,47,Cerah,0,,bakso_sapi,Bakso Sapi,15000,37,555000
11/17/2025,Senin,1,0,11,47,Cerah,0,,soto_ayam,Soto Ayam,18000,28,504000
11/17/2025,Senin,1,0,11,47,Cerah,0,,es_jeruk,Es Jeruk,10000,62,620000
11/17/2025,Senin,1,0,11,47,Cerah,0,,gorengan,Gorengan,2000,120,240000
11/18/2025,Selasa,2,0,11,47,Hujan,0,,ayam_geprek,Ayam Geprek,18000,42,756000
11/18/2025,Selasa,2,0,11,47,Hujan,0,,nasi_goreng,Nasi Goreng,22000,34,748000
11/18/2025,Selasa,2,0,11,47,Hujan,0,,kopi_susu,Kopi Susu,16000,33,528000
11/18/2025,Selasa,2,0,11,47,Hujan,0,,es_teh_manis,Es Teh Manis,8000,46,368000
11/18/2025,Selasa,2,0,11,47,Hujan,0,,mie_goreng,Mie Goreng Spesial,15000,30,450000
11/18/2025,Selasa,2,0,11,47,Hujan,0,,sate_ayam,Sate Ayam,25000,21,525000
11/18/2025,Selasa,2,0,11,47,Hujan,0,,bakso_sapi,Bakso Sapi,15000,38,570000
11/18/2025,Selasa,2,0,11,47,Hujan,0,,soto_ayam,Soto Ayam,18000,32,576000
11/18/2025,Selasa,2,0,11,47,Hujan,0,,es_jeruk,Es Jeruk,10000,43,430000
11/18/2025,Selasa,2,0,11,47,Hujan,0,,gorengan,Gorengan,2000,151,302000
11/19/2025,Rabu,3,0,11,47,Berawan,0,,ayam_geprek,Ayam Geprek,18000,37,666000
11/19/2025,Rabu,3,0,11,47,Berawan,0,,nasi_goreng,Nasi Goreng,22000,33,726000
11/19/2025,Rabu,3,0,11,47,Berawan,0,,kopi_susu,Kopi Susu,16000,41,656000
11/19/2025,Rabu,3,0,11,47,Berawan,0,,es_teh_manis,Es Teh Manis,8000,65,520000
11/19/2025,Rabu,3,0,11,47,Berawan,0,,mie_goreng,Mie Goreng Spesial,15000,28,420000
11/19/2025,Rabu,3,0,11,47,Berawan,0,,sate_ayam,Sate Ayam,25000,20,500000
11/19/2025,Rabu,3,0,11,47,Berawan,0,,bakso_sapi,Bakso Sapi,15000,33,495000
11/19/2025,Rabu,3,0,11,47,Berawan,0,,soto_ayam,Soto Ayam,18000,30,540000
11/19/2025,Rabu,3,0,11,47,Berawan,0,,es_jeruk,Es Jeruk,10000,52,520000
11/19/2025,Rabu,3,0,11,47,Berawan,0,,gorengan,Gorengan,2000,128,256000
11/20/2025,Kamis,4,0,11,47,Cerah,0,,ayam_geprek,Ayam Geprek,18000,36,648000
11/20/2025,Kamis,4,0,11,47,Cerah,0,,nasi_goreng,Nasi Goreng,22000,32,704000
11/20/2025,Kamis,4,0,11,47,Cerah,0,,kopi_susu,Kopi Susu,16000,49,784000
11/20/2025,Kamis,4,0,11,47,Cerah,0,,es_teh_manis,Es Teh Manis,8000,74,592000
11/20/2025,Kamis,4,0,11,47,Cerah,0,,mie_goreng,Mie Goreng Spesial,15000,31,465000
11/20/2025,Kamis,4,0,11,47,Cerah,0,,sate_ayam,Sate Ayam,25000,20,500000
11/20/2025,Kamis,4,0,11,47,Cerah,0,,bakso_sapi,Bakso Sapi,15000,36,540000
11/20/2025,Kamis,4,0,11,47,Cerah,0,,soto_ayam,Soto Ayam,18000,28,504000
11/20/2025,Kamis,4,0,11,47,Cerah,0,,es_jeruk,Es Jeruk,10000,62,620000
11/20/2025,Kamis,4,0,11,47,Cerah,0,,gorengan,Gorengan,2000,118,236000
11/21/2025,Jumat,5,0,11,47,Cerah,1,Promo Jumat Berkah,ayam_geprek,Ayam Geprek,18000,42,756000
11/21/2025,Jumat,5,0,11,47,Cerah,1,Promo Jumat Berkah,nasi_goreng,Nasi Goreng,22000,38,836000
11/21/2025,Jumat,5,0,11,47,Cerah,1,Promo Jumat Berkah,kopi_susu,Kopi Susu,16000,54,864000
11/21/2025,Jumat,5,0,11,47,Cerah,1,Promo Jumat Berkah,es_teh_manis,Es Teh Manis,8000,73,584000
11/21/2025,Jumat,5,0,11,47,Cerah,1,Promo Jumat Berkah,mie_goreng,Mie Goreng Spesial,15000,35,525000
11/21/2025,Jumat,5,0,11,47,Cerah,1,Promo Jumat Berkah,sate_ayam,Sate Ayam,25000,22,550000
11/21/2025,Jumat,5,0,11,47,Cerah,1,Promo Jumat Berkah,bakso_sapi,Bakso Sapi,15000,39,585000
11/21/2025,Jumat,5,0,11,47,Cerah,1,Promo Jumat Berkah,soto_ayam,Soto Ayam,18000,33,594000
11/21/2025,Jumat,5,0,11,47,Cerah,1,Promo Jumat Berkah,es_jeruk,Es Jeruk,10000,64,640000
11/21/2025,Jumat,5,0,11,47,Cerah,1,Promo Jumat Berkah,gorengan,Gorengan,2000,144,288000
11/22/2025,Sabtu,6,1,11,47,Cerah,0,,ayam_geprek,Ayam Geprek,18000,49,882000
11/22/2025,Sabtu,6,1,11,47,Cerah,0,,nasi_goreng,Nasi Goreng,22000,42,924000
11/22/2025,Sabtu,6,1,11,47,Cerah,0,,kopi_susu,Kopi Susu,16000,56,896000
11/22/2025,Sabtu,6,1,11,47,Cerah,0,,es_teh_manis,Es Teh Manis,8000,90,720000
11/22/2025,Sabtu,6,1,11,47,Cerah,0,,mie_goreng,Mie Goreng Spesial,15000,38,570000
11/22/2025,Sabtu,6,1,11,47,Cerah,0,,sate_ayam,Sate Ayam,25000,23,575000
11/22/2025,Sabtu,6,1,11,47,Cerah,0,,bakso_sapi,Bakso Sapi,15000,38,570000
11/22/2025,Sabtu,6,1,11,47,Cerah,0,,soto_ayam,Soto Ayam,18000,34,612000
11/22/2025,Sabtu,6,1,11,47,Cerah,0,,es_jeruk,Es Jeruk,10000,70,700000
11/22/2025,Sabtu,6,1,11,47,Cerah,0,,gorengan,Gorengan,2000,131,262000
11/23/2025,Minggu,7,1,11,47,Berawan,0,,ayam_geprek,Ayam Geprek,18000,49,882000
11/23/2025,Minggu,7,1,11,47,Berawan,0,,nasi_goreng,Nasi Goreng,22000,41,902000
11/23/2025,Minggu,7,1,11,47,Berawan,0,,kopi_susu,Kopi Susu,16000,57,912000
11/23/2025,Minggu,7,1,11,47,Berawan,0,,es_teh_manis,Es Teh Manis,8000,66,528000
11/23/2025,Minggu,7,1,11,47,Berawan,0,,mie_goreng,Mie Goreng Spesial,15000,33,495000
11/23/2025,Minggu,7,1,11,47,Berawan,0,,sate_ayam,Sate Ayam,25000,25,625000
11/23/2025,Minggu,7,1,11,47,Berawan,0,,bakso_sapi,Bakso Sapi,15000,42,630000
11/23/2025,Minggu,7,1,11,47,Berawan,0,,soto_ayam,Soto Ayam,18000,37,666000
11/23/2025,Minggu,7,1,11,47,Berawan,0,,es_jeruk,Es Jeruk,10000,59,590000
11/23/2025,Minggu,7,1,11,47,Berawan,0,,gorengan,Gorengan,2000,137,274000
11/24/2025,Senin,1,0,11,48,Hujan,0,,ayam_geprek,Ayam Geprek,18000,42,756000
11/24/2025,Senin,1,0,11,48,Hujan,0,,nasi_goreng,Nasi Goreng,22000,36,792000
11/24/2025,Senin,1,0,11,48,Hujan,0,,kopi_susu,Kopi Susu,16000,34,544000
11/24/2025,Senin,1,0,11,48,Hujan,0,,es_teh_manis,Es Teh Manis,8000,49,392000
11/24/2025,Senin,1,0,11,48,Hujan,0,,mie_goreng,Mie Goreng Spesial,15000,29,435000
11/24/2025,Senin,1,0,11,48,Hujan,0,,sate_ayam,Sate Ayam,25000,18,450000
11/24/2025,Senin,1,0,11,48,Hujan,0,,bakso_sapi,Bakso Sapi,15000,44,660000
11/24/2025,Senin,1,0,11,48,Hujan,0,,soto_ayam,Soto Ayam,18000,32,576000
11/24/2025,Senin,1,0,11,48,Hujan,0,,es_jeruk,Es Jeruk,10000,44,440000
11/24/2025,Senin,1,0,11,48,Hujan,0,,gorengan,Gorengan,2000,137,274000
11/25/2025,Selasa,2,0,11,48,Cerah,1,Periode Gajian,ayam_geprek,Ayam Geprek,18000,52,936000
11/25/2025,Selasa,2,0,11,48,Cerah,1,Periode Gajian,nasi_goreng,Nasi Goreng,22000,49,1078000
11/25/2025,Selasa,2,0,11,48,Cerah,1,Periode Gajian,kopi_susu,Kopi Susu,16000,61,976000
11/25/2025,Selasa,2,0,11,48,Cerah,1,Periode Gajian,es_teh_manis,Es Teh Manis,8000,95,760000
11/25/2025,Selasa,2,0,11,48,Cerah,1,Periode Gajian,mie_goreng,Mie Goreng Spesial,15000,40,600000
11/25/2025,Selasa,2,0,11,48,Cerah,1,Periode Gajian,sate_ayam,Sate Ayam,25000,27,675000
11/25/2025,Selasa,2,0,11,48,Cerah,1,Periode Gajian,bakso_sapi,Bakso Sapi,15000,49,735000
11/25/2025,Selasa,2,0,11,48,Cerah,1,Periode Gajian,soto_ayam,Soto Ayam,18000,37,666000
11/25/2025,Selasa,2,0,11,48,Cerah,1,Periode Gajian,es_jeruk,Es Jeruk,10000,75,750000
11/25/2025,Selasa,2,0,11,48,Cerah,1,Periode Gajian,gorengan,Gorengan,2000,147,294000
11/26/2025,Rabu,3,0,11,48,Hujan,1,Periode Gajian,ayam_geprek,Ayam Geprek,18000,57,1026000
11/26/2025,Rabu,3,0,11,48,Hujan,1,Periode Gajian,nasi_goreng,Nasi Goreng,22000,41,902000
11/26/2025,Rabu,3,0,11,48,Hujan,1,Periode Gajian,kopi_susu,Kopi Susu,16000,49,784000
11/26/2025,Rabu,3,0,11,48,Hujan,1,Periode Gajian,es_teh_manis,Es Teh Manis,8000,68,544000
11/26/2025,Rabu,3,0,11,48,Hujan,1,Periode Gajian,mie_goreng,Mie Goreng Spesial,15000,37,555000
11/26/2025,Rabu,3,0,11,48,Hujan,1,Periode Gajian,sate_ayam,Sate Ayam,25000,26,650000
11/26/2025,Rabu,3,0,11,48,Hujan,1,Periode Gajian,bakso_sapi,Bakso Sapi,15000,57,855000
11/26/2025,Rabu,3,0,11,48,Hujan,1,Periode Gajian,soto_ayam,Soto Ayam,18000,41,738000
11/26/2025,Rabu,3,0,11,48,Hujan,1,Periode Gajian,es_jeruk,Es Jeruk,10000,54,540000
11/26/2025,Rabu,3,0,11,48,Hujan,1,Periode Gajian,gorengan,Gorengan,2000,172,344000
11/27/2025,Kamis,4,0,11,48,Hujan,1,Periode Gajian,ayam_geprek,Ayam Geprek,18000,57,1026000
11/27/2025,Kamis,4,0,11,48,Hujan,1,Periode Gajian,nasi_goreng,Nasi Goreng,22000,50,1100000
11/27/2025,Kamis,4,0,11,48,Hujan,1,Periode Gajian,kopi_susu,Kopi Susu,16000,47,752000
11/27/2025,Kamis,4,0,11,48,Hujan,1,Periode Gajian,es_teh_manis,Es Teh Manis,8000,67,536000
11/27/2025,Kamis,4,0,11,48,Hujan,1,Periode Gajian,mie_goreng,Mie Goreng Spesial,15000,42,630000
11/27/2025,Kamis,4,0,11,48,Hujan,1,Periode Gajian,sate_ayam,Sate Ayam,25000,25,625000
11/27/2025,Kamis,4,0,11,48,Hujan,1,Periode Gajian,bakso_sapi,Bakso Sapi,15000,56,840000
11/27/2025,Kamis,4,0,11,48,Hujan,1,Periode Gajian,soto_ayam,Soto Ayam,18000,41,738000
11/27/2025,Kamis,4,0,11,48,Hujan,1,Periode Gajian,es_jeruk,Es Jeruk,10000,53,530000
11/27/2025,Kamis,4,0,11,48,Hujan,1,Periode Gajian,gorengan,Gorengan,2000,170,340000
11/28/2025,Jumat,5,0,11,48,Cerah,1,Periode Gajian,ayam_geprek,Ayam Geprek,18000,48,864000
11/28/2025,Jumat,5,0,11,48,Cerah,1,Periode Gajian,nasi_goreng,Nasi Goreng,22000,47,1034000
11/28/2025,Jumat,5,0,11,48,Cerah,1,Periode Gajian,kopi_susu,Kopi Susu,16000,57,912000
11/28/2025,Jumat,5,0,11,48,Cerah,1,Periode Gajian,es_teh_manis,Es Teh Manis,8000,94,752000
11/28/2025,Jumat,5,0,11,48,Cerah,1,Periode Gajian,mie_goreng,Mie Goreng Spesial,15000,36,540000
11/28/2025,Jumat,5,0,11,48,Cerah,1,Periode Gajian,sate_ayam,Sate Ayam,25000,25,625000
11/28/2025,Jumat,5,0,11,48,Cerah,1,Periode Gajian,bakso_sapi,Bakso Sapi,15000,46,690000
11/28/2025,Jumat,5,0,11,48,Cerah,1,Periode Gajian,soto_ayam,Soto Ayam,18000,41,738000
11/28/2025,Jumat,5,0,11,48,Cerah,1,Periode Gajian,es_jeruk,Es Jeruk,10000,72,720000
11/28/2025,Jumat,5,0,11,48,Cerah,1,Periode Gajian,gorengan,Gorengan,2000,160,320000
11/29/2025,Sabtu,6,1,11,48,Hujan,1,Periode Gajian,ayam_geprek,Ayam Geprek,18000,64,1152000
11/29/2025,Sabtu,6,1,11,48,Hujan,1,Periode Gajian,nasi_goreng,Nasi Goreng,22000,52,1144000
11/29/2025,Sabtu,6,1,11,48,Hujan,1,Periode Gajian,kopi_susu,Kopi Susu,16000,51,816000
11/29/2025,Sabtu,6,1,11,48,Hujan,1,Periode Gajian,es_teh_manis,Es Teh Manis,8000,80,640000
11/29/2025,Sabtu,6,1,11,48,Hujan,1,Periode Gajian,mie_goreng,Mie Goreng Spesial,15000,42,630000
11/29/2025,Sabtu,6,1,11,48,Hujan,1,Periode Gajian,sate_ayam,Sate Ayam,25000,34,850000
11/29/2025,Sabtu,6,1,11,48,Hujan,1,Periode Gajian,bakso_sapi,Bakso Sapi,15000,63,945000
11/29/2025,Sabtu,6,1,11,48,Hujan,1,Periode Gajian,soto_ayam,Soto Ayam,18000,59,1062000
11/29/2025,Sabtu,6,1,11,48,Hujan,1,Periode Gajian,es_jeruk,Es Jeruk,10000,66,660000
11/29/2025,Sabtu,6,1,11,48,Hujan,1,Periode Gajian,gorengan,Gorengan,2000,237,474000
11/30/2025,Minggu,7,1,11,48,Cerah,1,Periode Gajian,ayam_geprek,Ayam Geprek,18000,66,1188000
11/30/2025,Minggu,7,1,11,48,Cerah,1,Periode Gajian,nasi_goreng,Nasi Goreng,22000,54,1188000
11/30/2025,Minggu,7,1,11,48,Cerah,1,Periode Gajian,kopi_susu,Kopi Susu,16000,70,1120000
11/30/2025,Minggu,7,1,11,48,Cerah,1,Periode Gajian,es_teh_manis,Es Teh Manis,8000,110,880000
11/30/2025,Minggu,7,1,11,48,Cerah,1,Periode Gajian,mie_goreng,Mie Goreng Spesial,15000,50,750000
11/30/2025,Minggu,7,1,11,48,Cerah,1,Periode Gajian,sate_ayam,Sate Ayam,25000,34,850000
11/30/2025,Minggu,7,1,11,48,Cerah,1,Periode Gajian,bakso_sapi,Bakso Sapi,15000,58,870000
11/30/2025,Minggu,7,1,11,48,Cerah,1,Periode Gajian,soto_ayam,Soto Ayam,18000,46,828000
11/30/2025,Minggu,7,1,11,48,Cerah,1,Periode Gajian,es_jeruk,Es Jeruk,10000,88,880000
11/30/2025,Minggu,7,1,11,48,Cerah,1,Periode Gajian,gorengan,Gorengan,2000,196,392000
12/01/2025,Senin,1,0,12,49,Cerah,1,Periode Gajian,ayam_geprek,Ayam Geprek,18000,48,864000
12/01/2025,Senin,1,0,12,49,Cerah,1,Periode Gajian,nasi_goreng,Nasi Goreng,22000,44,968000
12/01/2025,Senin,1,0,12,49,Cerah,1,Periode Gajian,kopi_susu,Kopi Susu,16000,56,896000
12/01/2025,Senin,1,0,12,49,Cerah,1,Periode Gajian,es_teh_manis,Es Teh Manis,8000,86,688000
12/01/2025,Senin,1,0,12,49,Cerah,1,Periode Gajian,mie_goreng,Mie Goreng Spesial,15000,37,555000
12/01/2025,Senin,1,0,12,49,Cerah,1,Periode Gajian,sate_ayam,Sate Ayam,25000,24,600000
12/01/2025,Senin,1,0,12,49,Cerah,1,Periode Gajian,bakso_sapi,Bakso Sapi,15000,41,615000
12/01/2025,Senin,1,0,12,49,Cerah,1,Periode Gajian,soto_ayam,Soto Ayam,18000,43,774000
12/01/2025,Senin,1,0,12,49,Cerah,1,Periode Gajian,es_jeruk,Es Jeruk,10000,74,740000
12/01/2025,Senin,1,0,12,49,Cerah,1,Periode Gajian,gorengan,Gorengan,2000,152,304000
12/02/2025,Selasa,2,0,12,49,Berawan,1,Periode Gajian,ayam_geprek,Ayam Geprek,18000,49,882000
12/02/2025,Selasa,2,0,12,49,Berawan,1,Periode Gajian,nasi_goreng,Nasi Goreng,22000,50,1100000
12/02/2025,Selasa,2,0,12,49,Berawan,1,Periode Gajian,kopi_susu,Kopi Susu,16000,62,992000
12/02/2025,Selasa,2,0,12,49,Berawan,1,Periode Gajian,es_teh_manis,Es Teh Manis,8000,72,576000
12/02/2025,Selasa,2,0,12,49,Berawan,1,Periode Gajian,mie_goreng,Mie Goreng Spesial,15000,38,570000
12/02/2025,Selasa,2,0,12,49,Berawan,1,Periode Gajian,sate_ayam,Sate Ayam,25000,28,700000
12/02/2025,Selasa,2,0,12,49,Berawan,1,Periode Gajian,bakso_sapi,Bakso Sapi,15000,50,750000
12/02/2025,Selasa,2,0,12,49,Berawan,1,Periode Gajian,soto_ayam,Soto Ayam,18000,39,702000
12/02/2025,Selasa,2,0,12,49,Berawan,1,Periode Gajian,es_jeruk,Es Jeruk,10000,66,660000
12/02/2025,Selasa,2,0,12,49,Berawan,1,Periode Gajian,gorengan,Gorengan,2000,146,292000
12/03/2025,Rabu,3,0,12,49,Hujan,0,,ayam_geprek,Ayam Geprek,18000,38,684000
12/03/2025,Rabu,3,0,12,49,Hujan,0,,nasi_goreng,Nasi Goreng,22000,38,836000
12/03/2025,Rabu,3,0,12,49,Hujan,0,,kopi_susu,Kopi Susu,16000,37,592000
12/03/2025,Rabu,3,0,12,49,Hujan,0,,es_teh_manis,Es Teh Manis,8000,49,392000
12/03/2025,Rabu,3,0,12,49,Hujan,0,,mie_goreng,Mie Goreng Spesial,15000,30,450000
12/03/2025,Rabu,3,0,12,49,Hujan,0,,sate_ayam,Sate Ayam,25000,19,475000
12/03/2025,Rabu,3,0,12,49,Hujan,0,,bakso_sapi,Bakso Sapi,15000,38,570000
12/03/2025,Rabu,3,0,12,49,Hujan,0,,soto_ayam,Soto Ayam,18000,33,594000
12/03/2025,Rabu,3,0,12,49,Hujan,0,,es_jeruk,Es Jeruk,10000,37,370000
12/03/2025,Rabu,3,0,12,49,Hujan,0,,gorengan,Gorengan,2000,146,292000
12/04/2025,Kamis,4,0,12,49,Cerah,0,,ayam_geprek,Ayam Geprek,18000,36,648000
12/04/2025,Kamis,4,0,12,49,Cerah,0,,nasi_goreng,Nasi Goreng,22000,38,836000
12/04/2025,Kamis,4,0,12,49,Cerah,0,,kopi_susu,Kopi Susu,16000,48,768000
12/04/2025,Kamis,4,0,12,49,Cerah,0,,es_teh_manis,Es Teh Manis,8000,75,600000
12/04/2025,Kamis,4,0,12,49,Cerah,0,,mie_goreng,Mie Goreng Spesial,15000,33,495000
12/04/2025,Kamis,4,0,12,49,Cerah,0,,sate_ayam,Sate Ayam,25000,19,475000
12/04/2025,Kamis,4,0,12,49,Cerah,0,,bakso_sapi,Bakso Sapi,15000,34,510000
12/04/2025,Kamis,4,0,12,49,Cerah,0,,soto_ayam,Soto Ayam,18000,32,576000
12/04/2025,Kamis,4,0,12,49,Cerah,0,,es_jeruk,Es Jeruk,10000,60,600000
12/04/2025,Kamis,4,0,12,49,Cerah,0,,gorengan,Gorengan,2000,112,224000
12/05/2025,Jumat,5,0,12,49,Hujan,0,,ayam_geprek,Ayam Geprek,18000,38,684000
12/05/2025,Jumat,5,0,12,49,Hujan,0,,nasi_goreng,Nasi Goreng,22000,35,770000
12/05/2025,Jumat,5,0,12,49,Hujan,0,,kopi_susu,Kopi Susu,16000,37,592000
12/05/2025,Jumat,5,0,12,49,Hujan,0,,es_teh_manis,Es Teh Manis,8000,49,392000
12/05/2025,Jumat,5,0,12,49,Hujan,0,,mie_goreng,Mie Goreng Spesial,15000,28,420000
12/05/2025,Jumat,5,0,12,49,Hujan,0,,sate_ayam,Sate Ayam,25000,22,550000
12/05/2025,Jumat,5,0,12,49,Hujan,0,,bakso_sapi,Bakso Sapi,15000,38,570000
12/05/2025,Jumat,5,0,12,49,Hujan,0,,soto_ayam,Soto Ayam,18000,32,576000
12/05/2025,Jumat,5,0,12,49,Hujan,0,,es_jeruk,Es Jeruk,10000,43,430000
12/05/2025,Jumat,5,0,12,49,Hujan,0,,gorengan,Gorengan,2000,151,302000
12/06/2025,Sabtu,6,1,12,49,Hujan,0,,ayam_geprek,Ayam Geprek,18000,51,918000
12/06/2025,Sabtu,6,1,12,49,Hujan,0,,nasi_goreng,Nasi Goreng,22000,43,946000
12/06/2025,Sabtu,6,1,12,49,Hujan,0,,kopi_susu,Kopi Susu,16000,44,704000
12/06/2025,Sabtu,6,1,12,49,Hujan,0,,es_teh_manis,Es Teh Manis,8000,53,424000
12/06/2025,Sabtu,6,1,12,49,Hujan,0,,mie_goreng,Mie Goreng Spesial,15000,35,525000
12/06/2025,Sabtu,6,1,12,49,Hujan,0,,sate_ayam,Sate Ayam,25000,23,575000
12/06/2025,Sabtu,6,1,12,49,Hujan,0,,bakso_sapi,Bakso Sapi,15000,46,690000
12/06/2025,Sabtu,6,1,12,49,Hujan,0,,soto_ayam,Soto Ayam,18000,43,774000
12/06/2025,Sabtu,6,1,12,49,Hujan,0,,es_jeruk,Es Jeruk,10000,48,480000
12/06/2025,Sabtu,6,1,12,49,Hujan,0,,gorengan,Gorengan,2000,152,304000
12/07/2025,Minggu,7,1,12,49,Cerah,0,,ayam_geprek,Ayam Geprek,18000,50,900000
12/07/2025,Minggu,7,1,12,49,Cerah,0,,nasi_goreng,Nasi Goreng,22000,38,836000
12/07/2025,Minggu,7,1,12,49,Cerah,0,,kopi_susu,Kopi Susu,16000,58,928000
12/07/2025,Minggu,7,1,12,49,Cerah,0,,es_teh_manis,Es Teh Manis,8000,83,664000
12/07/2025,Minggu,7,1,12,49,Cerah,0,,mie_goreng,Mie Goreng Spesial,15000,36,540000
12/07/2025,Minggu,7,1,12,49,Cerah,0,,sate_ayam,Sate Ayam,25000,24,600000
12/07/2025,Minggu,7,1,12,49,Cerah,0,,bakso_sapi,Bakso Sapi,15000,45,675000
12/07/2025,Minggu,7,1,12,49,Cerah,0,,soto_ayam,Soto Ayam,18000,35,630000
12/07/2025,Minggu,7,1,12,49,Cerah,0,,es_jeruk,Es Jeruk,10000,71,710000
12/07/2025,Minggu,7,1,12,49,Cerah,0,,gorengan,Gorengan,2000,146,292000
12/08/2025,Senin,1,0,12,50,Cerah,0,,ayam_geprek,Ayam Geprek,18000,43,774000
12/08/2025,Senin,1,0,12,50,Cerah,0,,nasi_goreng,Nasi Goreng,22000,37,814000
12/08/2025,Senin,1,0,12,50,Cerah,0,,kopi_susu,Kopi Susu,16000,46,736000
12/08/2025,Senin,1,0,12,50,Cerah,0,,es_teh_manis,Es Teh Manis,8000,74,592000
12/08/2025,Senin,1,0,12,50,Cerah,0,,mie_goreng,Mie Goreng Spesial,15000,32,480000
12/08/2025,Senin,1,0,12,50,Cerah,0,,sate_ayam,Sate Ayam,25000,21,525000
12/08/2025,Senin,1,0,12,50,Cerah,0,,bakso_sapi,Bakso Sapi,15000,37,555000
12/08/2025,Senin,1,0,12,50,Cerah,0,,soto_ayam,Soto Ayam,18000,31,558000
12/08/2025,Senin,1,0,12,50,Cerah,0,,es_jeruk,Es Jeruk,10000,60,600000
12/08/2025,Senin,1,0,12,50,Cerah,0,,gorengan,Gorengan,2000,123,246000
12/09/2025,Selasa,2,0,12,50,Berawan,0,,ayam_geprek,Ayam Geprek,18000,37,666000
12/09/2025,Selasa,2,0,12,50,Berawan,0,,nasi_goreng,Nasi Goreng,22000,38,836000
12/09/2025,Selasa,2,0,12,50,Berawan,0,,kopi_susu,Kopi Susu,16000,48,768000
12/09/2025,Selasa,2,0,12,50,Berawan,0,,es_teh_manis,Es Teh Manis,8000,54,432000
12/09/2025,Selasa,2,0,12,50,Berawan,0,,mie_goreng,Mie Goreng Spesial,15000,32,480000
12/09/2025,Selasa,2,0,12,50,Berawan,0,,sate_ayam,Sate Ayam,25000,19,475000
12/09/2025,Selasa,2,0,12,50,Berawan,0,,bakso_sapi,Bakso Sapi,15000,34,510000
12/09/2025,Selasa,2,0,12,50,Berawan,0,,soto_ayam,Soto Ayam,18000,31,558000
12/09/2025,Selasa,2,0,12,50,Berawan,0,,es_jeruk,Es Jeruk,10000,47,470000
12/09/2025,Selasa,2,0,12,50,Berawan,0,,gorengan,Gorengan,2000,128,256000
12/10/2025,Rabu,3,0,12,50,Hujan,0,,ayam_geprek,Ayam Geprek,18000,40,720000
12/10/2025,Rabu,3,0,12,50,Hujan,0,,nasi_goreng,Nasi Goreng,22000,32,704000
12/10/2025,Rabu,3,0,12,50,Hujan,0,,kopi_susu,Kopi Susu,16000,34,544000
12/10/2025,Rabu,3,0,12,50,Hujan,0,,es_teh_manis,Es Teh Manis,8000,49,392000
12/10/2025,Rabu,3,0,12,50,Hujan,0,,mie_goreng,Mie Goreng Spesial,15000,33,495000
12/10/2025,Rabu,3,0,12,50,Hujan,0,,sate_ayam,Sate Ayam,25000,21,525000
12/10/2025,Rabu,3,0,12,50,Hujan,0,,bakso_sapi,Bakso Sapi,15000,38,570000
12/10/2025,Rabu,3,0,12,50,Hujan,0,,soto_ayam,Soto Ayam,18000,35,630000
12/10/2025,Rabu,3,0,12,50,Hujan,0,,es_jeruk,Es Jeruk,10000,40,400000
12/10/2025,Rabu,3,0,12,50,Hujan,0,,gorengan,Gorengan,2000,146,292000
12/11/2025,Kamis,4,0,12,50,Cerah,0,,ayam_geprek,Ayam Geprek,18000,42,756000
12/11/2025,Kamis,4,0,12,50,Cerah,0,,nasi_goreng,Nasi Goreng,22000,35,770000
12/11/2025,Kamis,4,0,12,50,Cerah,0,,kopi_susu,Kopi Susu,16000,49,784000
12/11/2025,Kamis,4,0,12,50,Cerah,0,,es_teh_manis,Es Teh Manis,8000,67,536000
12/11/2025,Kamis,4,0,12,50,Cerah,0,,mie_goreng,Mie Goreng Spesial,15000,31,465000
12/11/2025,Kamis,4,0,12,50,Cerah,0,,sate_ayam,Sate Ayam,25000,22,550000
12/11/2025,Kamis,4,0,12,50,Cerah,0,,bakso_sapi,Bakso Sapi,15000,32,480000
12/11/2025,Kamis,4,0,12,50,Cerah,0,,soto_ayam,Soto Ayam,18000,33,594000
12/11/2025,Kamis,4,0,12,50,Cerah,0,,es_jeruk,Es Jeruk,10000,60,600000
12/11/2025,Kamis,4,0,12,50,Cerah,0,,gorengan,Gorengan,2000,110,220000
12/12/2025,Jumat,5,0,12,50,Cerah,1,Promo Jumat Berkah,ayam_geprek,Ayam Geprek,18000,42,756000
12/12/2025,Jumat,5,0,12,50,Cerah,1,Promo Jumat Berkah,nasi_goreng,Nasi Goreng,22000,41,902000
12/12/2025,Jumat,5,0,12,50,Cerah,1,Promo Jumat Berkah,kopi_susu,Kopi Susu,16000,50,800000
12/12/2025,Jumat,5,0,12,50,Cerah,1,Promo Jumat Berkah,es_teh_manis,Es Teh Manis,8000,81,648000
12/12/2025,Jumat,5,0,12,50,Cerah,1,Promo Jumat Berkah,mie_goreng,Mie Goreng Spesial,15000,31,465000
12/12/2025,Jumat,5,0,12,50,Cerah,1,Promo Jumat Berkah,sate_ayam,Sate Ayam,25000,25,625000
12/12/2025,Jumat,5,0,12,50,Cerah,1,Promo Jumat Berkah,bakso_sapi,Bakso Sapi,15000,44,660000
12/12/2025,Jumat,5,0,12,50,Cerah,1,Promo Jumat Berkah,soto_ayam,Soto Ayam,18000,38,684000
12/12/2025,Jumat,5,0,12,50,Cerah,1,Promo Jumat Berkah,es_jeruk,Es Jeruk,10000,69,690000
12/12/2025,Jumat,5,0,12,50,Cerah,1,Promo Jumat Berkah,gorengan,Gorengan,2000,128,256000
12/13/2025,Sabtu,6,1,12,50,Berawan,0,,ayam_geprek,Ayam Geprek,18000,43,774000
12/13/2025,Sabtu,6,1,12,50,Berawan,0,,nasi_goreng,Nasi Goreng,22000,38,836000
12/13/2025,Sabtu,6,1,12,50,Berawan,0,,kopi_susu,Kopi Susu,16000,52,832000
12/13/2025,Sabtu,6,1,12,50,Berawan,0,,es_teh_manis,Es Teh Manis,8000,72,576000
12/13/2025,Sabtu,6,1,12,50,Berawan,0,,mie_goreng,Mie Goreng Spesial,15000,38,570000
12/13/2025,Sabtu,6,1,12,50,Berawan,0,,sate_ayam,Sate Ayam,25000,25,625000
12/13/2025,Sabtu,6,1,12,50,Berawan,0,,bakso_sapi,Bakso Sapi,15000,42,630000
12/13/2025,Sabtu,6,1,12,50,Berawan,0,,soto_ayam,Soto Ayam,18000,34,612000
12/13/2025,Sabtu,6,1,12,50,Berawan,0,,es_jeruk,Es Jeruk,10000,66,660000
12/13/2025,Sabtu,6,1,12,50,Berawan,0,,gorengan,Gorengan,2000,142,284000
12/14/2025,Minggu,7,1,12,50,Berawan,0,,ayam_geprek,Ayam Geprek,18000,45,810000
12/14/2025,Minggu,7,1,12,50,Berawan,0,,nasi_goreng,Nasi Goreng,22000,44,968000
12/14/2025,Minggu,7,1,12,50,Berawan,0,,kopi_susu,Kopi Susu,16000,56,896000
12/14/2025,Minggu,7,1,12,50,Berawan,0,,es_teh_manis,Es Teh Manis,8000,68,544000
12/14/2025,Minggu,7,1,12,50,Berawan,0,,mie_goreng,Mie Goreng Spesial,15000,33,495000
12/14/2025,Minggu,7,1,12,50,Berawan,0,,sate_ayam,Sate Ayam,25000,25,625000
12/14/2025,Minggu,7,1,12,50,Berawan,0,,bakso_sapi,Bakso Sapi,15000,43,645000
12/14/2025,Minggu,7,1,12,50,Berawan,0,,soto_ayam,Soto Ayam,18000,34,612000
12/14/2025,Minggu,7,1,12,50,Berawan,0,,es_jeruk,Es Jeruk,10000,65,650000
12/14/2025,Minggu,7,1,12,50,Berawan,0,,gorengan,Gorengan,2000,134,268000
12/15/2025,Senin,1,0,12,51,Berawan,0,,ayam_geprek,Ayam Geprek,18000,44,792000
12/15/2025,Senin,1,0,12,51,Berawan,0,,nasi_goreng,Nasi Goreng,22000,34,748000
12/15/2025,Senin,1,0,12,51,Berawan,0,,kopi_susu,Kopi Susu,16000,46,736000
12/15/2025,Senin,1,0,12,51,Berawan,0,,es_teh_manis,Es Teh Manis,8000,59,472000
12/15/2025,Senin,1,0,12,51,Berawan,0,,mie_goreng,Mie Goreng Spesial,15000,29,435000
12/15/2025,Senin,1,0,12,51,Berawan,0,,sate_ayam,Sate Ayam,25000,22,550000
12/15/2025,Senin,1,0,12,51,Berawan,0,,bakso_sapi,Bakso Sapi,15000,34,510000
12/15/2025,Senin,1,0,12,51,Berawan,0,,soto_ayam,Soto Ayam,18000,32,576000
12/15/2025,Senin,1,0,12,51,Berawan,0,,es_jeruk,Es Jeruk,10000,47,470000
12/15/2025,Senin,1,0,12,51,Berawan,0,,gorengan,Gorengan,2000,113,226000
12/16/2025,Selasa,2,0,12,51,Cerah,0,,ayam_geprek,Ayam Geprek,18000,41,738000
12/16/2025,Selasa,2,0,12,51,Cerah,0,,nasi_goreng,Nasi Goreng,22000,34,748000
12/16/2025,Selasa,2,0,12,51,Cerah,0,,kopi_susu,Kopi Susu,16000,48,768000
12/16/2025,Selasa,2,0,12,51,Cerah,0,,es_teh_manis,Es Teh Manis,8000,69,552000
12/16/2025,Selasa,2,0,12,51,Cerah,0,,mie_goreng,Mie Goreng Spesial,15000,33,495000
12/16/2025,Selasa,2,0,12,51,Cerah,0,,sate_ayam,Sate Ayam,25000,19,475000
12/16/2025,Selasa,2,0,12,51,Cerah,0,,bakso_sapi,Bakso Sapi,15000,38,570000
12/16/2025,Selasa,2,0,12,51,Cerah,0,,soto_ayam,Soto Ayam,18000,32,576000
12/16/2025,Selasa,2,0,12,51,Cerah,0,,es_jeruk,Es Jeruk,10000,61,610000
12/16/2025,Selasa,2,0,12,51,Cerah,0,,gorengan,Gorengan,2000,128,256000
12/17/2025,Rabu,3,0,12,51,Berawan,0,,ayam_geprek,Ayam Geprek,18000,41,738000
12/17/2025,Rabu,3,0,12,51,Berawan,0,,nasi_goreng,Nasi Goreng,22000,32,704000
12/17/2025,Rabu,3,0,12,51,Berawan,0,,kopi_susu,Kopi Susu,16000,41,656000
12/17/2025,Rabu,3,0,12,51,Berawan,0,,es_teh_manis,Es Teh Manis,8000,65,520000
12/17/2025,Rabu,3,0,12,51,Berawan,0,,mie_goreng,Mie Goreng Spesial,15000,31,465000
12/17/2025,Rabu,3,0,12,51,Berawan,0,,sate_ayam,Sate Ayam,25000,21,525000
12/17/2025,Rabu,3,0,12,51,Berawan,0,,bakso_sapi,Bakso Sapi,15000,35,525000
12/17/2025,Rabu,3,0,12,51,Berawan,0,,soto_ayam,Soto Ayam,18000,28,504000
12/17/2025,Rabu,3,0,12,51,Berawan,0,,es_jeruk,Es Jeruk,10000,46,460000
12/17/2025,Rabu,3,0,12,51,Berawan,0,,gorengan,Gorengan,2000,124,248000
12/18/2025,Kamis,4,0,12,51,Berawan,0,,ayam_geprek,Ayam Geprek,18000,38,684000
12/18/2025,Kamis,4,0,12,51,Berawan,0,,nasi_goreng,Nasi Goreng,22000,35,770000
12/18/2025,Kamis,4,0,12,51,Berawan,0,,kopi_susu,Kopi Susu,16000,41,656000
12/18/2025,Kamis,4,0,12,51,Berawan,0,,es_teh_manis,Es Teh Manis,8000,61,488000
12/18/2025,Kamis,4,0,12,51,Berawan,0,,mie_goreng,Mie Goreng Spesial,15000,29,435000
12/18/2025,Kamis,4,0,12,51,Berawan,0,,sate_ayam,Sate Ayam,25000,21,525000
12/18/2025,Kamis,4,0,12,51,Berawan,0,,bakso_sapi,Bakso Sapi,15000,34,510000
12/18/2025,Kamis,4,0,12,51,Berawan,0,,soto_ayam,Soto Ayam,18000,30,540000
12/18/2025,Kamis,4,0,12,51,Berawan,0,,es_jeruk,Es Jeruk,10000,45,450000
12/18/2025,Kamis,4,0,12,51,Berawan,0,,gorengan,Gorengan,2000,110,220000
12/19/2025,Jumat,5,0,12,51,Cerah,0,,ayam_geprek,Ayam Geprek,18000,41,738000
12/19/2025,Jumat,5,0,12,51,Cerah,0,,nasi_goreng,Nasi Goreng,22000,34,748000
12/19/2025,Jumat,5,0,12,51,Cerah,0,,kopi_susu,Kopi Susu,16000,47,752000
12/19/2025,Jumat,5,0,12,51,Cerah,0,,es_teh_manis,Es Teh Manis,8000,74,592000
12/19/2025,Jumat,5,0,12,51,Cerah,0,,mie_goreng,Mie Goreng Spesial,15000,32,480000
12/19/2025,Jumat,5,0,12,51,Cerah,0,,sate_ayam,Sate Ayam,25000,18,450000
12/19/2025,Jumat,5,0,12,51,Cerah,0,,bakso_sapi,Bakso Sapi,15000,35,525000
12/19/2025,Jumat,5,0,12,51,Cerah,0,,soto_ayam,Soto Ayam,18000,28,504000
12/19/2025,Jumat,5,0,12,51,Cerah,0,,es_jeruk,Es Jeruk,10000,55,550000
12/19/2025,Jumat,5,0,12,51,Cerah,0,,gorengan,Gorengan,2000,132,264000
12/20/2025,Sabtu,6,1,12,51,Cerah,0,,ayam_geprek,Ayam Geprek,18000,48,864000
12/20/2025,Sabtu,6,1,12,51,Cerah,0,,nasi_goreng,Nasi Goreng,22000,43,946000
12/20/2025,Sabtu,6,1,12,51,Cerah,0,,kopi_susu,Kopi Susu,16000,56,896000
12/20/2025,Sabtu,6,1,12,51,Cerah,0,,es_teh_manis,Es Teh Manis,8000,84,672000
12/20/2025,Sabtu,6,1,12,51,Cerah,0,,mie_goreng,Mie Goreng Spesial,15000,32,480000
12/20/2025,Sabtu,6,1,12,51,Cerah,0,,sate_ayam,Sate Ayam,25000,23,575000
12/20/2025,Sabtu,6,1,12,51,Cerah,0,,bakso_sapi,Bakso Sapi,15000,42,630000
12/20/2025,Sabtu,6,1,12,51,Cerah,0,,soto_ayam,Soto Ayam,18000,33,594000
12/20/2025,Sabtu,6,1,12,51,Cerah,0,,es_jeruk,Es Jeruk,10000,67,670000
12/20/2025,Sabtu,6,1,12,51,Cerah,0,,gorengan,Gorengan,2000,131,262000
12/21/2025,Minggu,7,1,12,51,Cerah,0,,ayam_geprek,Ayam Geprek,18000,47,846000
12/21/2025,Minggu,7,1,12,51,Cerah,0,,nasi_goreng,Nasi Goreng,22000,39,858000
12/21/2025,Minggu,7,1,12,51,Cerah,0,,kopi_susu,Kopi Susu,16000,55,880000
12/21/2025,Minggu,7,1,12,51,Cerah,0,,es_teh_manis,Es Teh Manis,8000,86,688000
12/21/2025,Minggu,7,1,12,51,Cerah,0,,mie_goreng,Mie Goreng Spesial,15000,38,570000
12/21/2025,Minggu,7,1,12,51,Cerah,0,,sate_ayam,Sate Ayam,25000,23,575000
12/21/2025,Minggu,7,1,12,51,Cerah,0,,bakso_sapi,Bakso Sapi,15000,39,585000
12/21/2025,Minggu,7,1,12,51,Cerah,0,,soto_ayam,Soto Ayam,18000,33,594000
12/21/2025,Minggu,7,1,12,51,Cerah,0,,es_jeruk,Es Jeruk,10000,71,710000
12/21/2025,Minggu,7,1,12,51,Cerah,0,,gorengan,Gorengan,2000,150,300000
12/22/2025,Senin,1,0,12,52,Cerah,0,,ayam_geprek,Ayam Geprek,18000,43,774000
12/22/2025,Senin,1,0,12,52,Cerah,0,,nasi_goreng,Nasi Goreng,22000,32,704000
12/22/2025,Senin,1,0,12,52,Cerah,0,,kopi_susu,Kopi Susu,16000,45,720000
12/22/2025,Senin,1,0,12,52,Cerah,0,,es_teh_manis,Es Teh Manis,8000,72,576000
12/22/2025,Senin,1,0,12,52,Cerah,0,,mie_goreng,Mie Goreng Spesial,15000,32,480000
12/22/2025,Senin,1,0,12,52,Cerah,0,,sate_ayam,Sate Ayam,25000,21,525000
12/22/2025,Senin,1,0,12,52,Cerah,0,,bakso_sapi,Bakso Sapi,15000,37,555000
12/22/2025,Senin,1,0,12,52,Cerah,0,,soto_ayam,Soto Ayam,18000,29,522000
12/22/2025,Senin,1,0,12,52,Cerah,0,,es_jeruk,Es Jeruk,10000,61,610000
12/22/2025,Senin,1,0,12,52,Cerah,0,,gorengan,Gorengan,2000,110,220000
12/23/2025,Selasa,2,0,12,52,Hujan,0,,ayam_geprek,Ayam Geprek,18000,40,720000
12/23/2025,Selasa,2,0,12,52,Hujan,0,,nasi_goreng,Nasi Goreng,22000,37,814000
12/23/2025,Selasa,2,0,12,52,Hujan,0,,kopi_susu,Kopi Susu,16000,36,576000
12/23/2025,Selasa,2,0,12,52,Hujan,0,,es_teh_manis,Es Teh Manis,8000,49,392000
12/23/2025,Selasa,2,0,12,52,Hujan,0,,mie_goreng,Mie Goreng Spesial,15000,30,450000
12/23/2025,Selasa,2,0,12,52,Hujan,0,,sate_ayam,Sate Ayam,25000,21,525000
12/23/2025,Selasa,2,0,12,52,Hujan,0,,bakso_sapi,Bakso Sapi,15000,37,555000
12/23/2025,Selasa,2,0,12,52,Hujan,0,,soto_ayam,Soto Ayam,18000,31,558000
12/23/2025,Selasa,2,0,12,52,Hujan,0,,es_jeruk,Es Jeruk,10000,38,380000
12/23/2025,Selasa,2,0,12,52,Hujan,0,,gorengan,Gorengan,2000,129,258000
12/24/2025,Rabu,3,0,12,52,Hujan,0,,ayam_geprek,Ayam Geprek,18000,38,684000
12/24/2025,Rabu,3,0,12,52,Hujan,0,,nasi_goreng,Nasi Goreng,22000,38,836000
12/24/2025,Rabu,3,0,12,52,Hujan,0,,kopi_susu,Kopi Susu,16000,35,560000
12/24/2025,Rabu,3,0,12,52,Hujan,0,,es_teh_manis,Es Teh Manis,8000,45,360000
12/24/2025,Rabu,3,0,12,52,Hujan,0,,mie_goreng,Mie Goreng Spesial,15000,32,480000
12/24/2025,Rabu,3,0,12,52,Hujan,0,,sate_ayam,Sate Ayam,25000,21,525000
12/24/2025,Rabu,3,0,12,52,Hujan,0,,bakso_sapi,Bakso Sapi,15000,40,600000
12/24/2025,Rabu,3,0,12,52,Hujan,0,,soto_ayam,Soto Ayam,18000,35,630000
12/24/2025,Rabu,3,0,12,52,Hujan,0,,es_jeruk,Es Jeruk,10000,42,420000
12/24/2025,Rabu,3,0,12,52,Hujan,0,,gorengan,Gorengan,2000,131,262000
12/25/2025,Kamis,4,0,12,52,Hujan,1,Periode Gajian,ayam_geprek,Ayam Geprek,18000,57,1026000
12/25/2025,Kamis,4,0,12,52,Hujan,1,Periode Gajian,nasi_goreng,Nasi Goreng,22000,47,1034000
12/25/2025,Kamis,4,0,12,52,Hujan,1,Periode Gajian,kopi_susu,Kopi Susu,16000,44,704000
12/25/2025,Kamis,4,0,12,52,Hujan,1,Periode Gajian,es_teh_manis,Es Teh Manis,8000,65,520000
12/25/2025,Kamis,4,0,12,52,Hujan,1,Periode Gajian,mie_goreng,Mie Goreng Spesial,15000,36,540000
12/25/2025,Kamis,4,0,12,52,Hujan,1,Periode Gajian,sate_ayam,Sate Ayam,25000,24,600000
12/25/2025,Kamis,4,0,12,52,Hujan,1,Periode Gajian,bakso_sapi,Bakso Sapi,15000,50,750000
12/25/2025,Kamis,4,0,12,52,Hujan,1,Periode Gajian,soto_ayam,Soto Ayam,18000,45,810000
12/25/2025,Kamis,4,0,12,52,Hujan,1,Periode Gajian,es_jeruk,Es Jeruk,10000,56,560000
12/25/2025,Kamis,4,0,12,52,Hujan,1,Periode Gajian,gorengan,Gorengan,2000,188,376000
12/26/2025,Jumat,5,0,12,52,Berawan,1,Periode Gajian,ayam_geprek,Ayam Geprek,18000,51,918000
12/26/2025,Jumat,5,0,12,52,Berawan,1,Periode Gajian,nasi_goreng,Nasi Goreng,22000,44,968000
12/26/2025,Jumat,5,0,12,52,Berawan,1,Periode Gajian,kopi_susu,Kopi Susu,16000,57,912000
12/26/2025,Jumat,5,0,12,52,Berawan,1,Periode Gajian,es_teh_manis,Es Teh Manis,8000,86,688000
12/26/2025,Jumat,5,0,12,52,Berawan,1,Periode Gajian,mie_goreng,Mie Goreng Spesial,15000,35,525000
12/26/2025,Jumat,5,0,12,52,Berawan,1,Periode Gajian,sate_ayam,Sate Ayam,25000,28,700000
12/26/2025,Jumat,5,0,12,52,Berawan,1,Periode Gajian,bakso_sapi,Bakso Sapi,15000,46,690000
12/26/2025,Jumat,5,0,12,52,Berawan,1,Periode Gajian,soto_ayam,Soto Ayam,18000,39,702000
12/26/2025,Jumat,5,0,12,52,Berawan,1,Periode Gajian,es_jeruk,Es Jeruk,10000,68,680000
12/26/2025,Jumat,5,0,12,52,Berawan,1,Periode Gajian,gorengan,Gorengan,2000,156,312000
12/27/2025,Sabtu,6,1,12,52,Hujan,1,Periode Gajian,ayam_geprek,Ayam Geprek,18000,67,1206000
12/27/2025,Sabtu,6,1,12,52,Hujan,1,Periode Gajian,nasi_goreng,Nasi Goreng,22000,54,1188000
12/27/2025,Sabtu,6,1,12,52,Hujan,1,Periode Gajian,kopi_susu,Kopi Susu,16000,54,864000
12/27/2025,Sabtu,6,1,12,52,Hujan,1,Periode Gajian,es_teh_manis,Es Teh Manis,8000,76,608000
12/27/2025,Sabtu,6,1,12,52,Hujan,1,Periode Gajian,mie_goreng,Mie Goreng Spesial,15000,51,765000
12/27/2025,Sabtu,6,1,12,52,Hujan,1,Periode Gajian,sate_ayam,Sate Ayam,25000,29,725000
12/27/2025,Sabtu,6,1,12,52,Hujan,1,Periode Gajian,bakso_sapi,Bakso Sapi,15000,64,960000
12/27/2025,Sabtu,6,1,12,52,Hujan,1,Periode Gajian,soto_ayam,Soto Ayam,18000,55,990000
12/27/2025,Sabtu,6,1,12,52,Hujan,1,Periode Gajian,es_jeruk,Es Jeruk,10000,65,650000
12/27/2025,Sabtu,6,1,12,52,Hujan,1,Periode Gajian,gorengan,Gorengan,2000,199,398000
12/28/2025,Minggu,7,1,12,52,Berawan,1,Periode Gajian,ayam_geprek,Ayam Geprek,18000,68,1224000
12/28/2025,Minggu,7,1,12,52,Berawan,1,Periode Gajian,nasi_goreng,Nasi Goreng,22000,51,1122000
12/28/2025,Minggu,7,1,12,52,Berawan,1,Periode Gajian,kopi_susu,Kopi Susu,16000,67,1072000
12/28/2025,Minggu,7,1,12,52,Berawan,1,Periode Gajian,es_teh_manis,Es Teh Manis,8000,102,816000
12/28/2025,Minggu,7,1,12,52,Berawan,1,Periode Gajian,mie_goreng,Mie Goreng Spesial,15000,44,660000
12/28/2025,Minggu,7,1,12,52,Berawan,1,Periode Gajian,sate_ayam,Sate Ayam,25000,33,825000
12/28/2025,Minggu,7,1,12,52,Berawan,1,Periode Gajian,bakso_sapi,Bakso Sapi,15000,55,825000
12/28/2025,Minggu,7,1,12,52,Berawan,1,Periode Gajian,soto_ayam,Soto Ayam,18000,44,792000
12/28/2025,Minggu,7,1,12,52,Berawan,1,Periode Gajian,es_jeruk,Es Jeruk,10000,84,840000
12/28/2025,Minggu,7,1,12,52,Berawan,1,Periode Gajian,gorengan,Gorengan,2000,185,370000
12/29/2025,Senin,1,0,12,1,Berawan,1,Periode Gajian,ayam_geprek,Ayam Geprek,18000,51,918000
12/29/2025,Senin,1,0,12,1,Berawan,1,Periode Gajian,nasi_goreng,Nasi Goreng,22000,46,1012000
12/29/2025,Senin,1,0,12,1,Berawan,1,Periode Gajian,kopi_susu,Kopi Susu,16000,55,880000
12/29/2025,Senin,1,0,12,1,Berawan,1,Periode Gajian,es_teh_manis,Es Teh Manis,8000,76,608000
12/29/2025,Senin,1,0,12,1,Berawan,1,Periode Gajian,mie_goreng,Mie Goreng Spesial,15000,43,645000
12/29/2025,Senin,1,0,12,1,Berawan,1,Periode Gajian,sate_ayam,Sate Ayam,25000,25,625000
12/29/2025,Senin,1,0,12,1,Berawan,1,Periode Gajian,bakso_sapi,Bakso Sapi,15000,47,705000
12/29/2025,Senin,1,0,12,1,Berawan,1,Periode Gajian,soto_ayam,Soto Ayam,18000,38,684000
12/29/2025,Senin,1,0,12,1,Berawan,1,Periode Gajian,es_jeruk,Es Jeruk,10000,69,690000
12/29/2025,Senin,1,0,12,1,Berawan,1,Periode Gajian,gorengan,Gorengan,2000,144,288000
12/30/2025,Selasa,2,0,12,1,Hujan,1,Periode Gajian,ayam_geprek,Ayam Geprek,18000,52,936000
12/30/2025,Selasa,2,0,12,1,Hujan,1,Periode Gajian,nasi_goreng,Nasi Goreng,22000,43,946000
12/30/2025,Selasa,2,0,12,1,Hujan,1,Periode Gajian,kopi_susu,Kopi Susu,16000,43,688000
12/30/2025,Selasa,2,0,12,1,Hujan,1,Periode Gajian,es_teh_manis,Es Teh Manis,8000,58,464000
12/30/2025,Selasa,2,0,12,1,Hujan,1,Periode Gajian,mie_goreng,Mie Goreng Spesial,15000,39,585000
12/30/2025,Selasa,2,0,12,1,Hujan,1,Periode Gajian,sate_ayam,Sate Ayam,25000,25,625000
12/30/2025,Selasa,2,0,12,1,Hujan,1,Periode Gajian,bakso_sapi,Bakso Sapi,15000,56,840000
12/30/2025,Selasa,2,0,12,1,Hujan,1,Periode Gajian,soto_ayam,Soto Ayam,18000,44,792000
12/30/2025,Selasa,2,0,12,1,Hujan,1,Periode Gajian,es_jeruk,Es Jeruk,10000,49,490000
12/30/2025,Selasa,2,0,12,1,Hujan,1,Periode Gajian,gorengan,Gorengan,2000,184,368000
12/31/2025,Rabu,3,0,12,1,Berawan,1,Periode Gajian,ayam_geprek,Ayam Geprek,18000,49,882000
12/31/2025,Rabu,3,0,12,1,Berawan,1,Periode Gajian,nasi_goreng,Nasi Goreng,22000,42,924000
12/31/2025,Rabu,3,0,12,1,Berawan,1,Periode Gajian,kopi_susu,Kopi Susu,16000,53,848000
12/31/2025,Rabu,3,0,12,1,Berawan,1,Periode Gajian,es_teh_manis,Es Teh Manis,8000,82,656000
12/31/2025,Rabu,3,0,12,1,Berawan,1,Periode Gajian,mie_goreng,Mie Goreng Spesial,15000,40,600000
12/31/2025,Rabu,3,0,12,1,Berawan,1,Periode Gajian,sate_ayam,Sate Ayam,25000,26,650000
12/31/2025,Rabu,3,0,12,1,Berawan,1,Periode Gajian,bakso_sapi,Bakso Sapi,15000,49,735000
12/31/2025,Rabu,3,0,12,1,Berawan,1,Periode Gajian,soto_ayam,Soto Ayam,18000,41,738000
12/31/2025,Rabu,3,0,12,1,Berawan,1,Periode Gajian,es_jeruk,Es Jeruk,10000,66,660000
12/31/2025,Rabu,3,0,12,1,Berawan,1,Periode Gajian,gorengan,Gorengan,2000,167,334000
01/01/2026,Kamis,4,0,1,1,Cerah,1,Periode Gajian,ayam_geprek,Ayam Geprek,18000,48,864000
01/01/2026,Kamis,4,0,1,1,Cerah,1,Periode Gajian,nasi_goreng,Nasi Goreng,22000,43,946000
01/01/2026,Kamis,4,0,1,1,Cerah,1,Periode Gajian,kopi_susu,Kopi Susu,16000,53,848000
01/01/2026,Kamis,4,0,1,1,Cerah,1,Periode Gajian,es_teh_manis,Es Teh Manis,8000,90,720000
01/01/2026,Kamis,4,0,1,1,Cerah,1,Periode Gajian,mie_goreng,Mie Goreng Spesial,15000,42,630000
01/01/2026,Kamis,4,0,1,1,Cerah,1,Periode Gajian,sate_ayam,Sate Ayam,25000,24,600000
01/01/2026,Kamis,4,0,1,1,Cerah,1,Periode Gajian,bakso_sapi,Bakso Sapi,15000,42,630000
01/01/2026,Kamis,4,0,1,1,Cerah,1,Periode Gajian,soto_ayam,Soto Ayam,18000,39,702000
01/01/2026,Kamis,4,0,1,1,Cerah,1,Periode Gajian,es_jeruk,Es Jeruk,10000,81,810000
01/01/2026,Kamis,4,0,1,1,Cerah,1,Periode Gajian,gorengan,Gorengan,2000,150,300000
01/02/2026,Jumat,5,0,1,1,Berawan,1,Periode Gajian,ayam_geprek,Ayam Geprek,18000,47,846000
01/02/2026,Jumat,5,0,1,1,Berawan,1,Periode Gajian,nasi_goreng,Nasi Goreng,22000,42,924000
01/02/2026,Jumat,5,0,1,1,Berawan,1,Periode Gajian,kopi_susu,Kopi Susu,16000,64,1024000
01/02/2026,Jumat,5,0,1,1,Berawan,1,Periode Gajian,es_teh_manis,Es Teh Manis,8000,85,680000
01/02/2026,Jumat,5,0,1,1,Berawan,1,Periode Gajian,mie_goreng,Mie Goreng Spesial,15000,35,525000
01/02/2026,Jumat,5,0,1,1,Berawan,1,Periode Gajian,sate_ayam,Sate Ayam,25000,28,700000
01/02/2026,Jumat,5,0,1,1,Berawan,1,Periode Gajian,bakso_sapi,Bakso Sapi,15000,47,705000
01/02/2026,Jumat,5,0,1,1,Berawan,1,Periode Gajian,soto_ayam,Soto Ayam,18000,42,756000
01/02/2026,Jumat,5,0,1,1,Berawan,1,Periode Gajian,es_jeruk,Es Jeruk,10000,64,640000
01/02/2026,Jumat,5,0,1,1,Berawan,1,Periode Gajian,gorengan,Gorengan,2000,156,312000
01/03/2026,Sabtu,6,1,1,1,Berawan,0,,ayam_geprek,Ayam Geprek,18000,50,900000
01/03/2026,Sabtu,6,1,1,1,Berawan,0,,nasi_goreng,Nasi Goreng,22000,39,858000
01/03/2026,Sabtu,6,1,1,1,Berawan,0,,kopi_susu,Kopi Susu,16000,49,784000
01/03/2026,Sabtu,6,1,1,1,Berawan,0,,es_teh_manis,Es Teh Manis,8000,69,552000
01/03/2026,Sabtu,6,1,1,1,Berawan,0,,mie_goreng,Mie Goreng Spesial,15000,37,555000
01/03/2026,Sabtu,6,1,1,1,Berawan,0,,sate_ayam,Sate Ayam,25000,23,575000
01/03/2026,Sabtu,6,1,1,1,Berawan,0,,bakso_sapi,Bakso Sapi,15000,43,645000
01/03/2026,Sabtu,6,1,1,1,Berawan,0,,soto_ayam,Soto Ayam,18000,39,702000
01/03/2026,Sabtu,6,1,1,1,Berawan,0,,es_jeruk,Es Jeruk,10000,55,550000
01/03/2026,Sabtu,6,1,1,1,Berawan,0,,gorengan,Gorengan,2000,149,298000
01/04/2026,Minggu,7,1,1,1,Berawan,0,,ayam_geprek,Ayam Geprek,18000,52,936000
01/04/2026,Minggu,7,1,1,1,Berawan,0,,nasi_goreng,Nasi Goreng,22000,39,858000
01/04/2026,Minggu,7,1,1,1,Berawan,0,,kopi_susu,Kopi Susu,16000,56,896000
01/04/2026,Minggu,7,1,1,1,Berawan,0,,es_teh_manis,Es Teh Manis,8000,77,616000
01/04/2026,Minggu,7,1,1,1,Berawan,0,,mie_goreng,Mie Goreng Spesial,15000,39,585000
01/04/2026,Minggu,7,1,1,1,Berawan,0,,sate_ayam,Sate Ayam,25000,25,625000
01/04/2026,Minggu,7,1,1,1,Berawan,0,,bakso_sapi,Bakso Sapi,15000,42,630000
01/04/2026,Minggu,7,1,1,1,Berawan,0,,soto_ayam,Soto Ayam,18000,37,666000
01/04/2026,Minggu,7,1,1,1,Berawan,0,,es_jeruk,Es Jeruk,10000,64,640000
01/04/2026,Minggu,7,1,1,1,Berawan,0,,gorengan,Gorengan,2000,146,292000
01/05/2026,Senin,1,0,1,2,Cerah,0,,ayam_geprek,Ayam Geprek,18000,43,774000
01/05/2026,Senin,1,0,1,2,Cerah,0,,nasi_goreng,Nasi Goreng,22000,36,792000
01/05/2026,Senin,1,0,1,2,Cerah,0,,kopi_susu,Kopi Susu,16000,47,752000
01/05/2026,Senin,1,0,1,2,Cerah,0,,es_teh_manis,Es Teh Manis,8000,65,520000
01/05/2026,Senin,1,0,1,2,Cerah,0,,mie_goreng,Mie Goreng Spesial,15000,31,465000
01/05/2026,Senin,1,0,1,2,Cerah,0,,sate_ayam,Sate Ayam,25000,20,500000
01/05/2026,Senin,1,0,1,2,Cerah,0,,bakso_sapi,Bakso Sapi,15000,36,540000
01/05/2026,Senin,1,0,1,2,Cerah,0,,soto_ayam,Soto Ayam,18000,28,504000
01/05/2026,Senin,1,0,1,2,Cerah,0,,es_jeruk,Es Jeruk,10000,59,590000
01/05/2026,Senin,1,0,1,2,Cerah,0,,gorengan,Gorengan,2000,132,264000
01/06/2026,Selasa,2,0,1,2,Cerah,0,,ayam_geprek,Ayam Geprek,18000,44,792000
01/06/2026,Selasa,2,0,1,2,Cerah,0,,nasi_goreng,Nasi Goreng,22000,34,748000
01/06/2026,Selasa,2,0,1,2,Cerah,0,,kopi_susu,Kopi Susu,16000,48,768000
01/06/2026,Selasa,2,0,1,2,Cerah,0,,es_teh_manis,Es Teh Manis,8000,73,584000
01/06/2026,Selasa,2,0,1,2,Cerah,0,,mie_goreng,Mie Goreng Spesial,15000,30,450000
01/06/2026,Selasa,2,0,1,2,Cerah,0,,sate_ayam,Sate Ayam,25000,21,525000
01/06/2026,Selasa,2,0,1,2,Cerah,0,,bakso_sapi,Bakso Sapi,15000,38,570000
01/06/2026,Selasa,2,0,1,2,Cerah,0,,soto_ayam,Soto Ayam,18000,29,522000
01/06/2026,Selasa,2,0,1,2,Cerah,0,,es_jeruk,Es Jeruk,10000,56,560000
01/06/2026,Selasa,2,0,1,2,Cerah,0,,gorengan,Gorengan,2000,124,248000
01/07/2026,Rabu,3,0,1,2,Hujan,0,,ayam_geprek,Ayam Geprek,18000,42,756000
01/07/2026,Rabu,3,0,1,2,Hujan,0,,nasi_goreng,Nasi Goreng,22000,37,814000
01/07/2026,Rabu,3,0,1,2,Hujan,0,,kopi_susu,Kopi Susu,16000,36,576000
01/07/2026,Rabu,3,0,1,2,Hujan,0,,es_teh_manis,Es Teh Manis,8000,51,408000
01/07/2026,Rabu,3,0,1,2,Hujan,0,,mie_goreng,Mie Goreng Spesial,15000,28,420000
01/07/2026,Rabu,3,0,1,2,Hujan,0,,sate_ayam,Sate Ayam,25000,20,500000
01/07/2026,Rabu,3,0,1,2,Hujan,0,,bakso_sapi,Bakso Sapi,15000,36,540000
01/07/2026,Rabu,3,0,1,2,Hujan,0,,soto_ayam,Soto Ayam,18000,33,594000
01/07/2026,Rabu,3,0,1,2,Hujan,0,,es_jeruk,Es Jeruk,10000,39,390000
01/07/2026,Rabu,3,0,1,2,Hujan,0,,gorengan,Gorengan,2000,135,270000
01/08/2026,Kamis,4,0,1,2,Berawan,0,,ayam_geprek,Ayam Geprek,18000,39,702000
01/08/2026,Kamis,4,0,1,2,Berawan,0,,nasi_goreng,Nasi Goreng,22000,35,770000
01/08/2026,Kamis,4,0,1,2,Berawan,0,,kopi_susu,Kopi Susu,16000,43,688000
01/08/2026,Kamis,4,0,1,2,Berawan,0,,es_teh_manis,Es Teh Manis,8000,58,464000
01/08/2026,Kamis,4,0,1,2,Berawan,0,,mie_goreng,Mie Goreng Spesial,15000,28,420000
01/08/2026,Kamis,4,0,1,2,Berawan,0,,sate_ayam,Sate Ayam,25000,18,450000
01/08/2026,Kamis,4,0,1,2,Berawan,0,,bakso_sapi,Bakso Sapi,15000,36,540000
01/08/2026,Kamis,4,0,1,2,Berawan,0,,soto_ayam,Soto Ayam,18000,31,558000
01/08/2026,Kamis,4,0,1,2,Berawan,0,,es_jeruk,Es Jeruk,10000,51,510000
01/08/2026,Kamis,4,0,1,2,Berawan,0,,gorengan,Gorengan,2000,119,238000
01/09/2026,Jumat,5,0,1,2,Cerah,1,Promo Jumat Berkah,ayam_geprek,Ayam Geprek,18000,46,828000
01/09/2026,Jumat,5,0,1,2,Cerah,1,Promo Jumat Berkah,nasi_goreng,Nasi Goreng,22000,40,880000
01/09/2026,Jumat,5,0,1,2,Cerah,1,Promo Jumat Berkah,kopi_susu,Kopi Susu,16000,47,752000
01/09/2026,Jumat,5,0,1,2,Cerah,1,Promo Jumat Berkah,es_teh_manis,Es Teh Manis,8000,77,616000
01/09/2026,Jumat,5,0,1,2,Cerah,1,Promo Jumat Berkah,mie_goreng,Mie Goreng Spesial,15000,34,510000
01/09/2026,Jumat,5,0,1,2,Cerah,1,Promo Jumat Berkah,sate_ayam,Sate Ayam,25000,23,575000
01/09/2026,Jumat,5,0,1,2,Cerah,1,Promo Jumat Berkah,bakso_sapi,Bakso Sapi,15000,41,615000
01/09/2026,Jumat,5,0,1,2,Cerah,1,Promo Jumat Berkah,soto_ayam,Soto Ayam,18000,35,630000
01/09/2026,Jumat,5,0,1,2,Cerah,1,Promo Jumat Berkah,es_jeruk,Es Jeruk,10000,68,680000
01/09/2026,Jumat,5,0,1,2,Cerah,1,Promo Jumat Berkah,gorengan,Gorengan,2000,145,290000
01/10/2026,Sabtu,6,1,1,2,Hujan,0,,ayam_geprek,Ayam Geprek,18000,50,900000
01/10/2026,Sabtu,6,1,1,2,Hujan,0,,nasi_goreng,Nasi Goreng,22000,46,1012000
01/10/2026,Sabtu,6,1,1,2,Hujan,0,,kopi_susu,Kopi Susu,16000,39,624000
01/10/2026,Sabtu,6,1,1,2,Hujan,0,,es_teh_manis,Es Teh Manis,8000,54,432000
01/10/2026,Sabtu,6,1,1,2,Hujan,0,,mie_goreng,Mie Goreng Spesial,15000,32,480000
01/10/2026,Sabtu,6,1,1,2,Hujan,0,,sate_ayam,Sate Ayam,25000,25,625000
01/10/2026,Sabtu,6,1,1,2,Hujan,0,,bakso_sapi,Bakso Sapi,15000,52,780000
01/10/2026,Sabtu,6,1,1,2,Hujan,0,,soto_ayam,Soto Ayam,18000,39,702000
01/10/2026,Sabtu,6,1,1,2,Hujan,0,,es_jeruk,Es Jeruk,10000,52,520000
01/10/2026,Sabtu,6,1,1,2,Hujan,0,,gorengan,Gorengan,2000,151,302000
01/11/2026,Minggu,7,1,1,2,Hujan,0,,ayam_geprek,Ayam Geprek,18000,47,846000
01/11/2026,Minggu,7,1,1,2,Hujan,0,,nasi_goreng,Nasi Goreng,22000,39,858000
01/11/2026,Minggu,7,1,1,2,Hujan,0,,kopi_susu,Kopi Susu,16000,43,688000
01/11/2026,Minggu,7,1,1,2,Hujan,0,,es_teh_manis,Es Teh Manis,8000,55,440000
01/11/2026,Minggu,7,1,1,2,Hujan,0,,mie_goreng,Mie Goreng Spesial,15000,34,510000
01/11/2026,Minggu,7,1,1,2,Hujan,0,,sate_ayam,Sate Ayam,25000,23,575000
01/11/2026,Minggu,7,1,1,2,Hujan,0,,bakso_sapi,Bakso Sapi,15000,51,765000
01/11/2026,Minggu,7,1,1,2,Hujan,0,,soto_ayam,Soto Ayam,18000,42,756000
01/11/2026,Minggu,7,1,1,2,Hujan,0,,es_jeruk,Es Jeruk,10000,46,460000
01/11/2026,Minggu,7,1,1,2,Hujan,0,,gorengan,Gorengan,2000,169,338000
01/12/2026,Senin,1,0,1,3,Berawan,0,,ayam_geprek,Ayam Geprek,18000,38,684000
01/12/2026,Senin,1,0,1,3,Berawan,0,,nasi_goreng,Nasi Goreng,22000,34,748000
01/12/2026,Senin,1,0,1,3,Berawan,0,,kopi_susu,Kopi Susu,16000,42,672000
01/12/2026,Senin,1,0,1,3,Berawan,0,,es_teh_manis,Es Teh Manis,8000,56,448000
01/12/2026,Senin,1,0,1,3,Berawan,0,,mie_goreng,Mie Goreng Spesial,15000,31,465000
01/12/2026,Senin,1,0,1,3,Berawan,0,,sate_ayam,Sate Ayam,25000,19,475000
01/12/2026,Senin,1,0,1,3,Berawan,0,,bakso_sapi,Bakso Sapi,15000,35,525000
01/12/2026,Senin,1,0,1,3,Berawan,0,,soto_ayam,Soto Ayam,18000,31,558000
01/12/2026,Senin,1,0,1,3,Berawan,0,,es_jeruk,Es Jeruk,10000,46,460000
01/12/2026,Senin,1,0,1,3,Berawan,0,,gorengan,Gorengan,2000,122,244000
01/13/2026,Selasa,2,0,1,3,Cerah,0,,ayam_geprek,Ayam Geprek,18000,44,792000
01/13/2026,Selasa,2,0,1,3,Cerah,0,,nasi_goreng,Nasi Goreng,22000,35,770000
01/13/2026,Selasa,2,0,1,3,Cerah,0,,kopi_susu,Kopi Susu,16000,48,768000
01/13/2026,Selasa,2,0,1,3,Cerah,0,,es_teh_manis,Es Teh Manis,8000,70,560000
01/13/2026,Selasa,2,0,1,3,Cerah,0,,mie_goreng,Mie Goreng Spesial,15000,27,405000
01/13/2026,Selasa,2,0,1,3,Cerah,0,,sate_ayam,Sate Ayam,25000,21,525000
01/13/2026,Selasa,2,0,1,3,Cerah,0,,bakso_sapi,Bakso Sapi,15000,38,570000
01/13/2026,Selasa,2,0,1,3,Cerah,0,,soto_ayam,Soto Ayam,18000,31,558000
01/13/2026,Selasa,2,0,1,3,Cerah,0,,es_jeruk,Es Jeruk,10000,61,610000
01/13/2026,Selasa,2,0,1,3,Cerah,0,,gorengan,Gorengan,2000,129,258000
01/14/2026,Rabu,3,0,1,3,Cerah,0,,ayam_geprek,Ayam Geprek,18000,38,684000
01/14/2026,Rabu,3,0,1,3,Cerah,0,,nasi_goreng,Nasi Goreng,22000,36,792000
01/14/2026,Rabu,3,0,1,3,Cerah,0,,kopi_susu,Kopi Susu,16000,44,704000
01/14/2026,Rabu,3,0,1,3,Cerah,0,,es_teh_manis,Es Teh Manis,8000,74,592000
01/14/2026,Rabu,3,0,1,3,Cerah,0,,mie_goreng,Mie Goreng Spesial,15000,32,480000
01/14/2026,Rabu,3,0,1,3,Cerah,0,,sate_ayam,Sate Ayam,25000,19,475000
01/14/2026,Rabu,3,0,1,3,Cerah,0,,bakso_sapi,Bakso Sapi,15000,33,495000
01/14/2026,Rabu,3,0,1,3,Cerah,0,,soto_ayam,Soto Ayam,18000,32,576000
01/14/2026,Rabu,3,0,1,3,Cerah,0,,es_jeruk,Es Jeruk,10000,55,550000
01/14/2026,Rabu,3,0,1,3,Cerah,0,,gorengan,Gorengan,2000,128,256000
01/15/2026,Kamis,4,0,1,3,Berawan,0,,ayam_geprek,Ayam Geprek,18000,41,738000
01/15/2026,Kamis,4,0,1,3,Berawan,0,,nasi_goreng,Nasi Goreng,22000,32,704000
01/15/2026,Kamis,4,0,1,3,Berawan,0,,kopi_susu,Kopi Susu,16000,46,736000
01/15/2026,Kamis,4,0,1,3,Berawan,0,,es_teh_manis,Es Teh Manis,8000,59,472000
01/15/2026,Kamis,4,0,1,3,Berawan,0,,mie_goreng,Mie Goreng Spesial,15000,31,465000
01/15/2026,Kamis,4,0,1,3,Berawan,0,,sate_ayam,Sate Ayam,25000,19,475000
01/15/2026,Kamis,4,0,1,3,Berawan,0,,bakso_sapi,Bakso Sapi,15000,37,555000
01/15/2026,Kamis,4,0,1,3,Berawan,0,,soto_ayam,Soto Ayam,18000,32,576000
01/15/2026,Kamis,4,0,1,3,Berawan,0,,es_jeruk,Es Jeruk,10000,47,470000
01/15/2026,Kamis,4,0,1,3,Berawan,0,,gorengan,Gorengan,2000,110,220000
01/16/2026,Jumat,5,0,1,3,Cerah,1,Promo Jumat Berkah,ayam_geprek,Ayam Geprek,18000,47,846000
01/16/2026,Jumat,5,0,1,3,Cerah,1,Promo Jumat Berkah,nasi_goreng,Nasi Goreng,22000,41,902000
01/16/2026,Jumat,5,0,1,3,Cerah,1,Promo Jumat Berkah,kopi_susu,Kopi Susu,16000,49,784000
01/16/2026,Jumat,5,0,1,3,Cerah,1,Promo Jumat Berkah,es_teh_manis,Es Teh Manis,8000,78,624000
01/16/2026,Jumat,5,0,1,3,Cerah,1,Promo Jumat Berkah,mie_goreng,Mie Goreng Spesial,15000,35,525000
01/16/2026,Jumat,5,0,1,3,Cerah,1,Promo Jumat Berkah,sate_ayam,Sate Ayam,25000,23,575000
01/16/2026,Jumat,5,0,1,3,Cerah,1,Promo Jumat Berkah,bakso_sapi,Bakso Sapi,15000,44,660000
01/16/2026,Jumat,5,0,1,3,Cerah,1,Promo Jumat Berkah,soto_ayam,Soto Ayam,18000,32,576000
01/16/2026,Jumat,5,0,1,3,Cerah,1,Promo Jumat Berkah,es_jeruk,Es Jeruk,10000,69,690000
01/16/2026,Jumat,5,0,1,3,Cerah,1,Promo Jumat Berkah,gorengan,Gorengan,2000,135,270000
01/17/2026,Sabtu,6,1,1,3,Berawan,0,,ayam_geprek,Ayam Geprek,18000,50,900000
01/17/2026,Sabtu,6,1,1,3,Berawan,0,,nasi_goreng,Nasi Goreng,22000,44,968000
01/17/2026,Sabtu,6,1,1,3,Berawan,0,,kopi_susu,Kopi Susu,16000,59,944000
01/17/2026,Sabtu,6,1,1,3,Berawan,0,,es_teh_manis,Es Teh Manis,8000,67,536000
01/17/2026,Sabtu,6,1,1,3,Berawan,0,,mie_goreng,Mie Goreng Spesial,15000,33,495000
01/17/2026,Sabtu,6,1,1,3,Berawan,0,,sate_ayam,Sate Ayam,25000,25,625000
01/17/2026,Sabtu,6,1,1,3,Berawan,0,,bakso_sapi,Bakso Sapi,15000,43,645000
01/17/2026,Sabtu,6,1,1,3,Berawan,0,,soto_ayam,Soto Ayam,18000,34,612000
01/17/2026,Sabtu,6,1,1,3,Berawan,0,,es_jeruk,Es Jeruk,10000,55,550000
01/17/2026,Sabtu,6,1,1,3,Berawan,0,,gorengan,Gorengan,2000,132,264000
01/18/2026,Minggu,7,1,1,3,Hujan,0,,ayam_geprek,Ayam Geprek,18000,45,810000
01/18/2026,Minggu,7,1,1,3,Hujan,0,,nasi_goreng,Nasi Goreng,22000,41,902000
01/18/2026,Minggu,7,1,1,3,Hujan,0,,kopi_susu,Kopi Susu,16000,41,656000
01/18/2026,Minggu,7,1,1,3,Hujan,0,,es_teh_manis,Es Teh Manis,8000,56,448000
01/18/2026,Minggu,7,1,1,3,Hujan,0,,mie_goreng,Mie Goreng Spesial,15000,33,495000
01/18/2026,Minggu,7,1,1,3,Hujan,0,,sate_ayam,Sate Ayam,25000,24,600000
01/18/2026,Minggu,7,1,1,3,Hujan,0,,bakso_sapi,Bakso Sapi,15000,44,660000
01/18/2026,Minggu,7,1,1,3,Hujan,0,,soto_ayam,Soto Ayam,18000,44,792000
01/18/2026,Minggu,7,1,1,3,Hujan,0,,es_jeruk,Es Jeruk,10000,45,450000
01/18/2026,Minggu,7,1,1,3,Hujan,0,,gorengan,Gorengan,2000,167,334000
01/19/2026,Senin,1,0,1,4,Hujan,0,,ayam_geprek,Ayam Geprek,18000,41,738000
01/19/2026,Senin,1,0,1,4,Hujan,0,,nasi_goreng,Nasi Goreng,22000,35,770000
01/19/2026,Senin,1,0,1,4,Hujan,0,,kopi_susu,Kopi Susu,16000,35,560000
01/19/2026,Senin,1,0,1,4,Hujan,0,,es_teh_manis,Es Teh Manis,8000,46,368000
01/19/2026,Senin,1,0,1,4,Hujan,0,,mie_goreng,Mie Goreng Spesial,15000,31,465000
01/19/2026,Senin,1,0,1,4,Hujan,0,,sate_ayam,Sate Ayam,25000,22,550000
01/19/2026,Senin,1,0,1,4,Hujan,0,,bakso_sapi,Bakso Sapi,15000,42,630000
01/19/2026,Senin,1,0,1,4,Hujan,0,,soto_ayam,Soto Ayam,18000,35,630000
01/19/2026,Senin,1,0,1,4,Hujan,0,,es_jeruk,Es Jeruk,10000,42,420000
01/19/2026,Senin,1,0,1,4,Hujan,0,,gorengan,Gorengan,2000,137,274000
01/20/2026,Selasa,2,0,1,4,Cerah,0,,ayam_geprek,Ayam Geprek,18000,40,720000
01/20/2026,Selasa,2,0,1,4,Cerah,0,,nasi_goreng,Nasi Goreng,22000,38,836000
01/20/2026,Selasa,2,0,1,4,Cerah,0,,kopi_susu,Kopi Susu,16000,42,672000
01/20/2026,Selasa,2,0,1,4,Cerah,0,,es_teh_manis,Es Teh Manis,8000,72,576000
01/20/2026,Selasa,2,0,1,4,Cerah,0,,mie_goreng,Mie Goreng Spesial,15000,28,420000
01/20/2026,Selasa,2,0,1,4,Cerah,0,,sate_ayam,Sate Ayam,25000,20,500000
01/20/2026,Selasa,2,0,1,4,Cerah,0,,bakso_sapi,Bakso Sapi,15000,32,480000
01/20/2026,Selasa,2,0,1,4,Cerah,0,,soto_ayam,Soto Ayam,18000,30,540000
01/20/2026,Selasa,2,0,1,4,Cerah,0,,es_jeruk,Es Jeruk,10000,60,600000
01/20/2026,Selasa,2,0,1,4,Cerah,0,,gorengan,Gorengan,2000,116,232000
01/21/2026,Rabu,3,0,1,4,Berawan,0,,ayam_geprek,Ayam Geprek,18000,42,756000
01/21/2026,Rabu,3,0,1,4,Berawan,0,,nasi_goreng,Nasi Goreng,22000,38,836000
01/21/2026,Rabu,3,0,1,4,Berawan,0,,kopi_susu,Kopi Susu,16000,43,688000
01/21/2026,Rabu,3,0,1,4,Berawan,0,,es_teh_manis,Es Teh Manis,8000,59,472000
01/21/2026,Rabu,3,0,1,4,Berawan,0,,mie_goreng,Mie Goreng Spesial,15000,28,420000
01/21/2026,Rabu,3,0,1,4,Berawan,0,,sate_ayam,Sate Ayam,25000,22,550000
01/21/2026,Rabu,3,0,1,4,Berawan,0,,bakso_sapi,Bakso Sapi,15000,38,570000
01/21/2026,Rabu,3,0,1,4,Berawan,0,,soto_ayam,Soto Ayam,18000,30,540000
01/21/2026,Rabu,3,0,1,4,Berawan,0,,es_jeruk,Es Jeruk,10000,53,530000
01/21/2026,Rabu,3,0,1,4,Berawan,0,,gorengan,Gorengan,2000,121,242000
01/22/2026,Kamis,4,0,1,4,Berawan,0,,ayam_geprek,Ayam Geprek,18000,37,666000
01/22/2026,Kamis,4,0,1,4,Berawan,0,,nasi_goreng,Nasi Goreng,22000,37,814000
01/22/2026,Kamis,4,0,1,4,Berawan,0,,kopi_susu,Kopi Susu,16000,42,672000
01/22/2026,Kamis,4,0,1,4,Berawan,0,,es_teh_manis,Es Teh Manis,8000,64,512000
01/22/2026,Kamis,4,0,1,4,Berawan,0,,mie_goreng,Mie Goreng Spesial,15000,32,480000
01/22/2026,Kamis,4,0,1,4,Berawan,0,,sate_ayam,Sate Ayam,25000,21,525000
01/22/2026,Kamis,4,0,1,4,Berawan,0,,bakso_sapi,Bakso Sapi,15000,32,480000
01/22/2026,Kamis,4,0,1,4,Berawan,0,,soto_ayam,Soto Ayam,18000,29,522000
01/22/2026,Kamis,4,0,1,4,Berawan,0,,es_jeruk,Es Jeruk,10000,48,480000
01/22/2026,Kamis,4,0,1,4,Berawan,0,,gorengan,Gorengan,2000,117,234000
01/23/2026,Jumat,5,0,1,4,Cerah,1,Promo Jumat Berkah,ayam_geprek,Ayam Geprek,18000,46,828000
01/23/2026,Jumat,5,0,1,4,Cerah,1,Promo Jumat Berkah,nasi_goreng,Nasi Goreng,22000,39,858000
01/23/2026,Jumat,5,0,1,4,Cerah,1,Promo Jumat Berkah,kopi_susu,Kopi Susu,16000,51,816000
01/23/2026,Jumat,5,0,1,4,Cerah,1,Promo Jumat Berkah,es_teh_manis,Es Teh Manis,8000,79,632000
01/23/2026,Jumat,5,0,1,4,Cerah,1,Promo Jumat Berkah,mie_goreng,Mie Goreng Spesial,15000,35,525000
01/23/2026,Jumat,5,0,1,4,Cerah,1,Promo Jumat Berkah,sate_ayam,Sate Ayam,25000,23,575000
01/23/2026,Jumat,5,0,1,4,Cerah,1,Promo Jumat Berkah,bakso_sapi,Bakso Sapi,15000,44,660000
01/23/2026,Jumat,5,0,1,4,Cerah,1,Promo Jumat Berkah,soto_ayam,Soto Ayam,18000,34,612000
01/23/2026,Jumat,5,0,1,4,Cerah,1,Promo Jumat Berkah,es_jeruk,Es Jeruk,10000,73,730000
01/23/2026,Jumat,5,0,1,4,Cerah,1,Promo Jumat Berkah,gorengan,Gorengan,2000,148,296000
01/24/2026,Sabtu,6,1,1,4,Cerah,0,,ayam_geprek,Ayam Geprek,18000,52,936000
01/24/2026,Sabtu,6,1,1,4,Cerah,0,,nasi_goreng,Nasi Goreng,22000,39,858000
01/24/2026,Sabtu,6,1,1,4,Cerah,0,,kopi_susu,Kopi Susu,16000,57,912000
01/24/2026,Sabtu,6,1,1,4,Cerah,0,,es_teh_manis,Es Teh Manis,8000,81,648000
01/24/2026,Sabtu,6,1,1,4,Cerah,0,,mie_goreng,Mie Goreng Spesial,15000,39,585000
01/24/2026,Sabtu,6,1,1,4,Cerah,0,,sate_ayam,Sate Ayam,25000,26,650000
01/24/2026,Sabtu,6,1,1,4,Cerah,0,,bakso_sapi,Bakso Sapi,15000,45,675000
01/24/2026,Sabtu,6,1,1,4,Cerah,0,,soto_ayam,Soto Ayam,18000,38,684000
01/24/2026,Sabtu,6,1,1,4,Cerah,0,,es_jeruk,Es Jeruk,10000,66,660000
01/24/2026,Sabtu,6,1,1,4,Cerah,0,,gorengan,Gorengan,2000,132,264000
01/25/2026,Minggu,7,1,1,4,Berawan,1,Periode Gajian,ayam_geprek,Ayam Geprek,18000,58,1044000
01/25/2026,Minggu,7,1,1,4,Berawan,1,Periode Gajian,nasi_goreng,Nasi Goreng,22000,57,1254000
01/25/2026,Minggu,7,1,1,4,Berawan,1,Periode Gajian,kopi_susu,Kopi Susu,16000,68,1088000
01/25/2026,Minggu,7,1,1,4,Berawan,1,Periode Gajian,es_teh_manis,Es Teh Manis,8000,103,824000
01/25/2026,Minggu,7,1,1,4,Berawan,1,Periode Gajian,mie_goreng,Mie Goreng Spesial,15000,48,720000
01/25/2026,Minggu,7,1,1,4,Berawan,1,Periode Gajian,sate_ayam,Sate Ayam,25000,33,825000
01/25/2026,Minggu,7,1,1,4,Berawan,1,Periode Gajian,bakso_sapi,Bakso Sapi,15000,51,765000
01/25/2026,Minggu,7,1,1,4,Berawan,1,Periode Gajian,soto_ayam,Soto Ayam,18000,50,900000
01/25/2026,Minggu,7,1,1,4,Berawan,1,Periode Gajian,es_jeruk,Es Jeruk,10000,85,850000
01/25/2026,Minggu,7,1,1,4,Berawan,1,Periode Gajian,gorengan,Gorengan,2000,187,374000
01/26/2026,Senin,1,0,1,5,Berawan,1,Periode Gajian,ayam_geprek,Ayam Geprek,18000,55,990000
01/26/2026,Senin,1,0,1,5,Berawan,1,Periode Gajian,nasi_goreng,Nasi Goreng,22000,43,946000
01/26/2026,Senin,1,0,1,5,Berawan,1,Periode Gajian,kopi_susu,Kopi Susu,16000,59,944000
01/26/2026,Senin,1,0,1,5,Berawan,1,Periode Gajian,es_teh_manis,Es Teh Manis,8000,76,608000
01/26/2026,Senin,1,0,1,5,Berawan,1,Periode Gajian,mie_goreng,Mie Goreng Spesial,15000,36,540000
01/26/2026,Senin,1,0,1,5,Berawan,1,Periode Gajian,sate_ayam,Sate Ayam,25000,25,625000
01/26/2026,Senin,1,0,1,5,Berawan,1,Periode Gajian,bakso_sapi,Bakso Sapi,15000,42,630000
01/26/2026,Senin,1,0,1,5,Berawan,1,Periode Gajian,soto_ayam,Soto Ayam,18000,35,630000
01/26/2026,Senin,1,0,1,5,Berawan,1,Periode Gajian,es_jeruk,Es Jeruk,10000,60,600000
01/26/2026,Senin,1,0,1,5,Berawan,1,Periode Gajian,gorengan,Gorengan,2000,170,340000
01/27/2026,Selasa,2,0,1,5,Berawan,1,Periode Gajian,ayam_geprek,Ayam Geprek,18000,57,1026000
01/27/2026,Selasa,2,0,1,5,Berawan,1,Periode Gajian,nasi_goreng,Nasi Goreng,22000,45,990000
01/27/2026,Selasa,2,0,1,5,Berawan,1,Periode Gajian,kopi_susu,Kopi Susu,16000,56,896000
01/27/2026,Selasa,2,0,1,5,Berawan,1,Periode Gajian,es_teh_manis,Es Teh Manis,8000,78,624000
01/27/2026,Selasa,2,0,1,5,Berawan,1,Periode Gajian,mie_goreng,Mie Goreng Spesial,15000,39,585000
01/27/2026,Selasa,2,0,1,5,Berawan,1,Periode Gajian,sate_ayam,Sate Ayam,25000,24,600000
01/27/2026,Selasa,2,0,1,5,Berawan,1,Periode Gajian,bakso_sapi,Bakso Sapi,15000,47,705000
01/27/2026,Selasa,2,0,1,5,Berawan,1,Periode Gajian,soto_ayam,Soto Ayam,18000,37,666000
01/27/2026,Selasa,2,0,1,5,Berawan,1,Periode Gajian,es_jeruk,Es Jeruk,10000,67,670000
01/27/2026,Selasa,2,0,1,5,Berawan,1,Periode Gajian,gorengan,Gorengan,2000,161,322000
01/28/2026,Rabu,3,0,1,5,Cerah,1,Periode Gajian,ayam_geprek,Ayam Geprek,18000,47,846000
01/28/2026,Rabu,3,0,1,5,Cerah,1,Periode Gajian,nasi_goreng,Nasi Goreng,22000,48,1056000
01/28/2026,Rabu,3,0,1,5,Cerah,1,Periode Gajian,kopi_susu,Kopi Susu,16000,58,928000
01/28/2026,Rabu,3,0,1,5,Cerah,1,Periode Gajian,es_teh_manis,Es Teh Manis,8000,82,656000
01/28/2026,Rabu,3,0,1,5,Cerah,1,Periode Gajian,mie_goreng,Mie Goreng Spesial,15000,43,645000
01/28/2026,Rabu,3,0,1,5,Cerah,1,Periode Gajian,sate_ayam,Sate Ayam,25000,24,600000
01/28/2026,Rabu,3,0,1,5,Cerah,1,Periode Gajian,bakso_sapi,Bakso Sapi,15000,47,705000
01/28/2026,Rabu,3,0,1,5,Cerah,1,Periode Gajian,soto_ayam,Soto Ayam,18000,43,774000
01/28/2026,Rabu,3,0,1,5,Cerah,1,Periode Gajian,es_jeruk,Es Jeruk,10000,71,710000
01/28/2026,Rabu,3,0,1,5,Cerah,1,Periode Gajian,gorengan,Gorengan,2000,145,290000
01/29/2026,Kamis,4,0,1,5,Cerah,1,Periode Gajian,ayam_geprek,Ayam Geprek,18000,50,900000
01/29/2026,Kamis,4,0,1,5,Cerah,1,Periode Gajian,nasi_goreng,Nasi Goreng,22000,42,924000
01/29/2026,Kamis,4,0,1,5,Cerah,1,Periode Gajian,kopi_susu,Kopi Susu,16000,61,976000
01/29/2026,Kamis,4,0,1,5,Cerah,1,Periode Gajian,es_teh_manis,Es Teh Manis,8000,82,656000
01/29/2026,Kamis,4,0,1,5,Cerah,1,Periode Gajian,mie_goreng,Mie Goreng Spesial,15000,39,585000
01/29/2026,Kamis,4,0,1,5,Cerah,1,Periode Gajian,sate_ayam,Sate Ayam,25000,29,725000
01/29/2026,Kamis,4,0,1,5,Cerah,1,Periode Gajian,bakso_sapi,Bakso Sapi,15000,48,720000
01/29/2026,Kamis,4,0,1,5,Cerah,1,Periode Gajian,soto_ayam,Soto Ayam,18000,40,720000
01/29/2026,Kamis,4,0,1,5,Cerah,1,Periode Gajian,es_jeruk,Es Jeruk,10000,72,720000
01/29/2026,Kamis,4,0,1,5,Cerah,1,Periode Gajian,gorengan,Gorengan,2000,160,320000
01/30/2026,Jumat,5,0,1,5,Berawan,1,Periode Gajian,ayam_geprek,Ayam Geprek,18000,51,918000
01/30/2026,Jumat,5,0,1,5,Berawan,1,Periode Gajian,nasi_goreng,Nasi Goreng,22000,42,924000
01/30/2026,Jumat,5,0,1,5,Berawan,1,Periode Gajian,kopi_susu,Kopi Susu,16000,63,1008000
01/30/2026,Jumat,5,0,1,5,Berawan,1,Periode Gajian,es_teh_manis,Es Teh Manis,8000,77,616000
01/30/2026,Jumat,5,0,1,5,Berawan,1,Periode Gajian,mie_goreng,Mie Goreng Spesial,15000,37,555000
01/30/2026,Jumat,5,0,1,5,Berawan,1,Periode Gajian,sate_ayam,Sate Ayam,25000,25,625000
01/30/2026,Jumat,5,0,1,5,Berawan,1,Periode Gajian,bakso_sapi,Bakso Sapi,15000,45,675000
01/30/2026,Jumat,5,0,1,5,Berawan,1,Periode Gajian,soto_ayam,Soto Ayam,18000,42,756000
01/30/2026,Jumat,5,0,1,5,Berawan,1,Periode Gajian,es_jeruk,Es Jeruk,10000,68,680000
01/30/2026,Jumat,5,0,1,5,Berawan,1,Periode Gajian,gorengan,Gorengan,2000,164,328000
01/31/2026,Sabtu,6,1,1,5,Cerah,1,Periode Gajian,ayam_geprek,Ayam Geprek,18000,61,1098000
01/31/2026,Sabtu,6,1,1,5,Cerah,1,Periode Gajian,nasi_goreng,Nasi Goreng,22000,54,1188000
01/31/2026,Sabtu,6,1,1,5,Cerah,1,Periode Gajian,kopi_susu,Kopi Susu,16000,63,1008000
01/31/2026,Sabtu,6,1,1,5,Cerah,1,Periode Gajian,es_teh_manis,Es Teh Manis,8000,102,816000
01/31/2026,Sabtu,6,1,1,5,Cerah,1,Periode Gajian,mie_goreng,Mie Goreng Spesial,15000,49,735000
01/31/2026,Sabtu,6,1,1,5,Cerah,1,Periode Gajian,sate_ayam,Sate Ayam,25000,29,725000
01/31/2026,Sabtu,6,1,1,5,Cerah,1,Periode Gajian,bakso_sapi,Bakso Sapi,15000,55,825000
01/31/2026,Sabtu,6,1,1,5,Cerah,1,Periode Gajian,soto_ayam,Soto Ayam,18000,44,792000
01/31/2026,Sabtu,6,1,1,5,Cerah,1,Periode Gajian,es_jeruk,Es Jeruk,10000,81,810000
01/31/2026,Sabtu,6,1,1,5,Cerah,1,Periode Gajian,gorengan,Gorengan,2000,178,356000
02/01/2026,Minggu,7,1,2,5,Hujan,1,Periode Gajian,ayam_geprek,Ayam Geprek,18000,66,1188000
02/01/2026,Minggu,7,1,2,5,Hujan,1,Periode Gajian,nasi_goreng,Nasi Goreng,22000,60,1320000
02/01/2026,Minggu,7,1,2,5,Hujan,1,Periode Gajian,kopi_susu,Kopi Susu,16000,56,896000
02/01/2026,Minggu,7,1,2,5,Hujan,1,Periode Gajian,es_teh_manis,Es Teh Manis,8000,69,552000
02/01/2026,Minggu,7,1,2,5,Hujan,1,Periode Gajian,mie_goreng,Mie Goreng Spesial,15000,47,705000
02/01/2026,Minggu,7,1,2,5,Hujan,1,Periode Gajian,sate_ayam,Sate Ayam,25000,31,775000
02/01/2026,Minggu,7,1,2,5,Hujan,1,Periode Gajian,bakso_sapi,Bakso Sapi,15000,67,1005000
02/01/2026,Minggu,7,1,2,5,Hujan,1,Periode Gajian,soto_ayam,Soto Ayam,18000,49,882000
02/01/2026,Minggu,7,1,2,5,Hujan,1,Periode Gajian,es_jeruk,Es Jeruk,10000,62,620000
02/01/2026,Minggu,7,1,2,5,Hujan,1,Periode Gajian,gorengan,Gorengan,2000,200,400000
02/02/2026,Senin,1,0,2,6,Cerah,1,Periode Gajian,ayam_geprek,Ayam Geprek,18000,54,972000
02/02/2026,Senin,1,0,2,6,Cerah,1,Periode Gajian,nasi_goreng,Nasi Goreng,22000,45,990000
02/02/2026,Senin,1,0,2,6,Cerah,1,Periode Gajian,kopi_susu,Kopi Susu,16000,57,912000
02/02/2026,Senin,1,0,2,6,Cerah,1,Periode Gajian,es_teh_manis,Es Teh Manis,8000,88,704000
02/02/2026,Senin,1,0,2,6,Cerah,1,Periode Gajian,mie_goreng,Mie Goreng Spesial,15000,39,585000
02/02/2026,Senin,1,0,2,6,Cerah,1,Periode Gajian,sate_ayam,Sate Ayam,25000,27,675000
02/02/2026,Senin,1,0,2,6,Cerah,1,Periode Gajian,bakso_sapi,Bakso Sapi,15000,49,735000
02/02/2026,Senin,1,0,2,6,Cerah,1,Periode Gajian,soto_ayam,Soto Ayam,18000,43,774000
02/02/2026,Senin,1,0,2,6,Cerah,1,Periode Gajian,es_jeruk,Es Jeruk,10000,79,790000
02/02/2026,Senin,1,0,2,6,Cerah,1,Periode Gajian,gorengan,Gorengan,2000,150,300000
02/03/2026,Selasa,2,0,2,6,Berawan,0,,ayam_geprek,Ayam Geprek,18000,40,720000
02/03/2026,Selasa,2,0,2,6,Berawan,0,,nasi_goreng,Nasi Goreng,22000,33,726000
02/03/2026,Selasa,2,0,2,6,Berawan,0,,kopi_susu,Kopi Susu,16000,48,768000
02/03/2026,Selasa,2,0,2,6,Berawan,0,,es_teh_manis,Es Teh Manis,8000,54,432000
02/03/2026,Selasa,2,0,2,6,Berawan,0,,mie_goreng,Mie Goreng Spesial,15000,32,480000
02/03/2026,Selasa,2,0,2,6,Berawan,0,,sate_ayam,Sate Ayam,25000,20,500000
02/03/2026,Selasa,2,0,2,6,Berawan,0,,bakso_sapi,Bakso Sapi,15000,36,540000
02/03/2026,Selasa,2,0,2,6,Berawan,0,,soto_ayam,Soto Ayam,18000,31,558000
02/03/2026,Selasa,2,0,2,6,Berawan,0,,es_jeruk,Es Jeruk,10000,54,540000
02/03/2026,Selasa,2,0,2,6,Berawan,0,,gorengan,Gorengan,2000,123,246000
02/04/2026,Rabu,3,0,2,6,Berawan,0,,ayam_geprek,Ayam Geprek,18000,37,666000
02/04/2026,Rabu,3,0,2,6,Berawan,0,,nasi_goreng,Nasi Goreng,22000,35,770000
02/04/2026,Rabu,3,0,2,6,Berawan,0,,kopi_susu,Kopi Susu,16000,42,672000
02/04/2026,Rabu,3,0,2,6,Berawan,0,,es_teh_manis,Es Teh Manis,8000,63,504000
02/04/2026,Rabu,3,0,2,6,Berawan,0,,mie_goreng,Mie Goreng Spesial,15000,30,450000
02/04/2026,Rabu,3,0,2,6,Berawan,0,,sate_ayam,Sate Ayam,25000,21,525000
02/04/2026,Rabu,3,0,2,6,Berawan,0,,bakso_sapi,Bakso Sapi,15000,32,480000
02/04/2026,Rabu,3,0,2,6,Berawan,0,,soto_ayam,Soto Ayam,18000,28,504000
02/04/2026,Rabu,3,0,2,6,Berawan,0,,es_jeruk,Es Jeruk,10000,52,520000
02/04/2026,Rabu,3,0,2,6,Berawan,0,,gorengan,Gorengan,2000,110,220000
02/05/2026,Kamis,4,0,2,6,Cerah,0,,ayam_geprek,Ayam Geprek,18000,36,648000
02/05/2026,Kamis,4,0,2,6,Cerah,0,,nasi_goreng,Nasi Goreng,22000,38,836000
02/05/2026,Kamis,4,0,2,6,Cerah,0,,kopi_susu,Kopi Susu,16000,47,752000
02/05/2026,Kamis,4,0,2,6,Cerah,0,,es_teh_manis,Es Teh Manis,8000,67,536000
02/05/2026,Kamis,4,0,2,6,Cerah,0,,mie_goreng,Mie Goreng Spesial,15000,29,435000
02/05/2026,Kamis,4,0,2,6,Cerah,0,,sate_ayam,Sate Ayam,25000,19,475000
02/05/2026,Kamis,4,0,2,6,Cerah,0,,bakso_sapi,Bakso Sapi,15000,37,555000
02/05/2026,Kamis,4,0,2,6,Cerah,0,,soto_ayam,Soto Ayam,18000,31,558000
02/05/2026,Kamis,4,0,2,6,Cerah,0,,es_jeruk,Es Jeruk,10000,54,540000
02/05/2026,Kamis,4,0,2,6,Cerah,0,,gorengan,Gorengan,2000,112,224000
02/06/2026,Jumat,5,0,2,6,Cerah,1,Promo Jumat Berkah,ayam_geprek,Ayam Geprek,18000,48,864000
02/06/2026,Jumat,5,0,2,6,Cerah,1,Promo Jumat Berkah,nasi_goreng,Nasi Goreng,22000,38,836000
02/06/2026,Jumat,5,0,2,6,Cerah,1,Promo Jumat Berkah,kopi_susu,Kopi Susu,16000,47,752000
02/06/2026,Jumat,5,0,2,6,Cerah,1,Promo Jumat Berkah,es_teh_manis,Es Teh Manis,8000,73,584000
02/06/2026,Jumat,5,0,2,6,Cerah,1,Promo Jumat Berkah,mie_goreng,Mie Goreng Spesial,15000,38,570000
02/06/2026,Jumat,5,0,2,6,Cerah,1,Promo Jumat Berkah,sate_ayam,Sate Ayam,25000,22,550000
02/06/2026,Jumat,5,0,2,6,Cerah,1,Promo Jumat Berkah,bakso_sapi,Bakso Sapi,15000,42,630000
02/06/2026,Jumat,5,0,2,6,Cerah,1,Promo Jumat Berkah,soto_ayam,Soto Ayam,18000,35,630000
02/06/2026,Jumat,5,0,2,6,Cerah,1,Promo Jumat Berkah,es_jeruk,Es Jeruk,10000,65,650000
02/06/2026,Jumat,5,0,2,6,Cerah,1,Promo Jumat Berkah,gorengan,Gorengan,2000,130,260000
02/07/2026,Sabtu,6,1,2,6,Cerah,0,,ayam_geprek,Ayam Geprek,18000,49,882000
02/07/2026,Sabtu,6,1,2,6,Cerah,0,,nasi_goreng,Nasi Goreng,22000,44,968000
02/07/2026,Sabtu,6,1,2,6,Cerah,0,,kopi_susu,Kopi Susu,16000,56,896000
02/07/2026,Sabtu,6,1,2,6,Cerah,0,,es_teh_manis,Es Teh Manis,8000,83,664000
02/07/2026,Sabtu,6,1,2,6,Cerah,0,,mie_goreng,Mie Goreng Spesial,15000,33,495000
02/07/2026,Sabtu,6,1,2,6,Cerah,0,,sate_ayam,Sate Ayam,25000,26,650000
02/07/2026,Sabtu,6,1,2,6,Cerah,0,,bakso_sapi,Bakso Sapi,15000,45,675000
02/07/2026,Sabtu,6,1,2,6,Cerah,0,,soto_ayam,Soto Ayam,18000,35,630000
02/07/2026,Sabtu,6,1,2,6,Cerah,0,,es_jeruk,Es Jeruk,10000,76,760000
02/07/2026,Sabtu,6,1,2,6,Cerah,0,,gorengan,Gorengan,2000,147,294000
02/08/2026,Minggu,7,1,2,6,Berawan,0,,ayam_geprek,Ayam Geprek,18000,50,900000
02/08/2026,Minggu,7,1,2,6,Berawan,0,,nasi_goreng,Nasi Goreng,22000,45,990000
02/08/2026,Minggu,7,1,2,6,Berawan,0,,kopi_susu,Kopi Susu,16000,56,896000
02/08/2026,Minggu,7,1,2,6,Berawan,0,,es_teh_manis,Es Teh Manis,8000,67,536000
02/08/2026,Minggu,7,1,2,6,Berawan,0,,mie_goreng,Mie Goreng Spesial,15000,35,525000
02/08/2026,Minggu,7,1,2,6,Berawan,0,,sate_ayam,Sate Ayam,25000,26,650000
02/08/2026,Minggu,7,1,2,6,Berawan,0,,bakso_sapi,Bakso Sapi,15000,40,600000
02/08/2026,Minggu,7,1,2,6,Berawan,0,,soto_ayam,Soto Ayam,18000,35,630000
02/08/2026,Minggu,7,1,2,6,Berawan,0,,es_jeruk,Es Jeruk,10000,59,590000
02/08/2026,Minggu,7,1,2,6,Berawan,0,,gorengan,Gorengan,2000,142,284000
02/09/2026,Senin,1,0,2,7,Berawan,0,,ayam_geprek,Ayam Geprek,18000,44,792000
02/09/2026,Senin,1,0,2,7,Berawan,0,,nasi_goreng,Nasi Goreng,22000,33,726000
02/09/2026,Senin,1,0,2,7,Berawan,0,,kopi_susu,Kopi Susu,16000,42,672000
02/09/2026,Senin,1,0,2,7,Berawan,0,,es_teh_manis,Es Teh Manis,8000,56,448000
02/09/2026,Senin,1,0,2,7,Berawan,0,,mie_goreng,Mie Goreng Spesial,15000,32,480000
02/09/2026,Senin,1,0,2,7,Berawan,0,,sate_ayam,Sate Ayam,25000,21,525000
02/09/2026,Senin,1,0,2,7,Berawan,0,,bakso_sapi,Bakso Sapi,15000,34,510000
02/09/2026,Senin,1,0,2,7,Berawan,0,,soto_ayam,Soto Ayam,18000,32,576000
02/09/2026,Senin,1,0,2,7,Berawan,0,,es_jeruk,Es Jeruk,10000,54,540000
02/09/2026,Senin,1,0,2,7,Berawan,0,,gorengan,Gorengan,2000,128,256000
02/10/2026,Selasa,2,0,2,7,Hujan,0,,ayam_geprek,Ayam Geprek,18000,38,684000
02/10/2026,Selasa,2,0,2,7,Hujan,0,,nasi_goreng,Nasi Goreng,22000,37,814000
02/10/2026,Selasa,2,0,2,7,Hujan,0,,kopi_susu,Kopi Susu,16000,36,576000
02/10/2026,Selasa,2,0,2,7,Hujan,0,,es_teh_manis,Es Teh Manis,8000,51,408000
02/10/2026,Selasa,2,0,2,7,Hujan,0,,mie_goreng,Mie Goreng Spesial,15000,31,465000
02/10/2026,Selasa,2,0,2,7,Hujan,0,,sate_ayam,Sate Ayam,25000,21,525000
02/10/2026,Selasa,2,0,2,7,Hujan,0,,bakso_sapi,Bakso Sapi,15000,42,630000
02/10/2026,Selasa,2,0,2,7,Hujan,0,,soto_ayam,Soto Ayam,18000,32,576000
02/10/2026,Selasa,2,0,2,7,Hujan,0,,es_jeruk,Es Jeruk,10000,40,400000
02/10/2026,Selasa,2,0,2,7,Hujan,0,,gorengan,Gorengan,2000,151,302000
02/11/2026,Rabu,3,0,2,7,Hujan,0,,ayam_geprek,Ayam Geprek,18000,36,648000
02/11/2026,Rabu,3,0,2,7,Hujan,0,,nasi_goreng,Nasi Goreng,22000,33,726000
02/11/2026,Rabu,3,0,2,7,Hujan,0,,kopi_susu,Kopi Susu,16000,33,528000
02/11/2026,Rabu,3,0,2,7,Hujan,0,,es_teh_manis,Es Teh Manis,8000,50,400000
02/11/2026,Rabu,3,0,2,7,Hujan,0,,mie_goreng,Mie Goreng Spesial,15000,32,480000
02/11/2026,Rabu,3,0,2,7,Hujan,0,,sate_ayam,Sate Ayam,25000,19,475000
02/11/2026,Rabu,3,0,2,7,Hujan,0,,bakso_sapi,Bakso Sapi,15000,40,600000
02/11/2026,Rabu,3,0,2,7,Hujan,0,,soto_ayam,Soto Ayam,18000,37,666000
02/11/2026,Rabu,3,0,2,7,Hujan,0,,es_jeruk,Es Jeruk,10000,42,420000
02/11/2026,Rabu,3,0,2,7,Hujan,0,,gorengan,Gorengan,2000,139,278000
02/12/2026,Kamis,4,0,2,7,Berawan,0,,ayam_geprek,Ayam Geprek,18000,40,720000
02/12/2026,Kamis,4,0,2,7,Berawan,0,,nasi_goreng,Nasi Goreng,22000,34,748000
02/12/2026,Kamis,4,0,2,7,Berawan,0,,kopi_susu,Kopi Susu,16000,46,736000
02/12/2026,Kamis,4,0,2,7,Berawan,0,,es_teh_manis,Es Teh Manis,8000,62,496000
02/12/2026,Kamis,4,0,2,7,Berawan,0,,mie_goreng,Mie Goreng Spesial,15000,32,480000
02/12/2026,Kamis,4,0,2,7,Berawan,0,,sate_ayam,Sate Ayam,25000,21,525000
02/12/2026,Kamis,4,0,2,7,Berawan,0,,bakso_sapi,Bakso Sapi,15000,37,555000
02/12/2026,Kamis,4,0,2,7,Berawan,0,,soto_ayam,Soto Ayam,18000,28,504000
02/12/2026,Kamis,4,0,2,7,Berawan,0,,es_jeruk,Es Jeruk,10000,50,500000
02/12/2026,Kamis,4,0,2,7,Berawan,0,,gorengan,Gorengan,2000,108,216000
02/13/2026,Jumat,5,0,2,7,Cerah,1,Promo Jumat Berkah,ayam_geprek,Ayam Geprek,18000,51,918000
02/13/2026,Jumat,5,0,2,7,Cerah,1,Promo Jumat Berkah,nasi_goreng,Nasi Goreng,22000,37,814000
02/13/2026,Jumat,5,0,2,7,Cerah,1,Promo Jumat Berkah,kopi_susu,Kopi Susu,16000,51,816000
02/13/2026,Jumat,5,0,2,7,Cerah,1,Promo Jumat Berkah,es_teh_manis,Es Teh Manis,8000,84,672000
02/13/2026,Jumat,5,0,2,7,Cerah,1,Promo Jumat Berkah,mie_goreng,Mie Goreng Spesial,15000,32,480000
02/13/2026,Jumat,5,0,2,7,Cerah,1,Promo Jumat Berkah,sate_ayam,Sate Ayam,25000,23,575000
02/13/2026,Jumat,5,0,2,7,Cerah,1,Promo Jumat Berkah,bakso_sapi,Bakso Sapi,15000,42,630000
02/13/2026,Jumat,5,0,2,7,Cerah,1,Promo Jumat Berkah,soto_ayam,Soto Ayam,18000,35,630000
02/13/2026,Jumat,5,0,2,7,Cerah,1,Promo Jumat Berkah,es_jeruk,Es Jeruk,10000,62,620000
02/13/2026,Jumat,5,0,2,7,Cerah,1,Promo Jumat Berkah,gorengan,Gorengan,2000,134,268000
02/14/2026,Sabtu,6,1,2,7,Berawan,0,,ayam_geprek,Ayam Geprek,18000,49,882000
02/14/2026,Sabtu,6,1,2,7,Berawan,0,,nasi_goreng,Nasi Goreng,22000,38,836000
02/14/2026,Sabtu,6,1,2,7,Berawan,0,,kopi_susu,Kopi Susu,16000,57,912000
02/14/2026,Sabtu,6,1,2,7,Berawan,0,,es_teh_manis,Es Teh Manis,8000,65,520000
02/14/2026,Sabtu,6,1,2,7,Berawan,0,,mie_goreng,Mie Goreng Spesial,15000,38,570000
02/14/2026,Sabtu,6,1,2,7,Berawan,0,,sate_ayam,Sate Ayam,25000,23,575000
02/14/2026,Sabtu,6,1,2,7,Berawan,0,,bakso_sapi,Bakso Sapi,15000,46,690000
02/14/2026,Sabtu,6,1,2,7,Berawan,0,,soto_ayam,Soto Ayam,18000,35,630000
02/14/2026,Sabtu,6,1,2,7,Berawan,0,,es_jeruk,Es Jeruk,10000,58,580000
02/14/2026,Sabtu,6,1,2,7,Berawan,0,,gorengan,Gorengan,2000,134,268000
02/15/2026,Minggu,7,1,2,7,Cerah,0,,ayam_geprek,Ayam Geprek,18000,52,936000
02/15/2026,Minggu,7,1,2,7,Cerah,0,,nasi_goreng,Nasi Goreng,22000,46,1012000
02/15/2026,Minggu,7,1,2,7,Cerah,0,,kopi_susu,Kopi Susu,16000,53,848000
02/15/2026,Minggu,7,1,2,7,Cerah,0,,es_teh_manis,Es Teh Manis,8000,82,656000
02/15/2026,Minggu,7,1,2,7,Cerah,0,,mie_goreng,Mie Goreng Spesial,15000,38,570000
02/15/2026,Minggu,7,1,2,7,Cerah,0,,sate_ayam,Sate Ayam,25000,26,650000
02/15/2026,Minggu,7,1,2,7,Cerah,0,,bakso_sapi,Bakso Sapi,15000,43,645000
02/15/2026,Minggu,7,1,2,7,Cerah,0,,soto_ayam,Soto Ayam,18000,35,630000
02/15/2026,Minggu,7,1,2,7,Cerah,0,,es_jeruk,Es Jeruk,10000,68,680000
02/15/2026,Minggu,7,1,2,7,Cerah,0,,gorengan,Gorengan,2000,150,300000
02/16/2026,Senin,1,0,2,8,Cerah,0,,ayam_geprek,Ayam Geprek,18000,41,738000
02/16/2026,Senin,1,0,2,8,Cerah,0,,nasi_goreng,Nasi Goreng,22000,34,748000
02/16/2026,Senin,1,0,2,8,Cerah,0,,kopi_susu,Kopi Susu,16000,48,768000
02/16/2026,Senin,1,0,2,8,Cerah,0,,es_teh_manis,Es Teh Manis,8000,63,504000
02/16/2026,Senin,1,0,2,8,Cerah,0,,mie_goreng,Mie Goreng Spesial,15000,31,465000
02/16/2026,Senin,1,0,2,8,Cerah,0,,sate_ayam,Sate Ayam,25000,20,500000
02/16/2026,Senin,1,0,2,8,Cerah,0,,bakso_sapi,Bakso Sapi,15000,36,540000
02/16/2026,Senin,1,0,2,8,Cerah,0,,soto_ayam,Soto Ayam,18000,27,486000
02/16/2026,Senin,1,0,2,8,Cerah,0,,es_jeruk,Es Jeruk,10000,58,580000
02/16/2026,Senin,1,0,2,8,Cerah,0,,gorengan,Gorengan,2000,121,242000
02/17/2026,Selasa,2,0,2,8,Berawan,0,,ayam_geprek,Ayam Geprek,18000,41,738000
02/17/2026,Selasa,2,0,2,8,Berawan,0,,nasi_goreng,Nasi Goreng,22000,36,792000
02/17/2026,Selasa,2,0,2,8,Berawan,0,,kopi_susu,Kopi Susu,16000,48,768000
02/17/2026,Selasa,2,0,2,8,Berawan,0,,es_teh_manis,Es Teh Manis,8000,57,456000
02/17/2026,Selasa,2,0,2,8,Berawan,0,,mie_goreng,Mie Goreng Spesial,15000,32,480000
02/17/2026,Selasa,2,0,2,8,Berawan,0,,sate_ayam,Sate Ayam,25000,20,500000
02/17/2026,Selasa,2,0,2,8,Berawan,0,,bakso_sapi,Bakso Sapi,15000,32,480000
02/17/2026,Selasa,2,0,2,8,Berawan,0,,soto_ayam,Soto Ayam,18000,27,486000
02/17/2026,Selasa,2,0,2,8,Berawan,0,,es_jeruk,Es Jeruk,10000,48,480000
02/17/2026,Selasa,2,0,2,8,Berawan,0,,gorengan,Gorengan,2000,127,254000
02/18/2026,Rabu,3,0,2,8,Berawan,0,,ayam_geprek,Ayam Geprek,18000,42,756000
02/18/2026,Rabu,3,0,2,8,Berawan,0,,nasi_goreng,Nasi Goreng,22000,35,770000
02/18/2026,Rabu,3,0,2,8,Berawan,0,,kopi_susu,Kopi Susu,16000,44,704000
02/18/2026,Rabu,3,0,2,8,Berawan,0,,es_teh_manis,Es Teh Manis,8000,56,448000
02/18/2026,Rabu,3,0,2,8,Berawan,0,,mie_goreng,Mie Goreng Spesial,15000,29,435000
02/18/2026,Rabu,3,0,2,8,Berawan,0,,sate_ayam,Sate Ayam,25000,20,500000
02/18/2026,Rabu,3,0,2,8,Berawan,0,,bakso_sapi,Bakso Sapi,15000,32,480000
02/18/2026,Rabu,3,0,2,8,Berawan,0,,soto_ayam,Soto Ayam,18000,28,504000
02/18/2026,Rabu,3,0,2,8,Berawan,0,,es_jeruk,Es Jeruk,10000,51,510000
02/18/2026,Rabu,3,0,2,8,Berawan,0,,gorengan,Gorengan,2000,126,252000
02/19/2026,Kamis,4,0,2,8,Hujan,0,,ayam_geprek,Ayam Geprek,18000,43,774000
02/19/2026,Kamis,4,0,2,8,Hujan,0,,nasi_goreng,Nasi Goreng,22000,36,792000
02/19/2026,Kamis,4,0,2,8,Hujan,0,,kopi_susu,Kopi Susu,16000,35,560000
02/19/2026,Kamis,4,0,2,8,Hujan,0,,es_teh_manis,Es Teh Manis,8000,49,392000
02/19/2026,Kamis,4,0,2,8,Hujan,0,,mie_goreng,Mie Goreng Spesial,15000,32,480000
02/19/2026,Kamis,4,0,2,8,Hujan,0,,sate_ayam,Sate Ayam,25000,18,450000
02/19/2026,Kamis,4,0,2,8,Hujan,0,,bakso_sapi,Bakso Sapi,15000,40,600000
02/19/2026,Kamis,4,0,2,8,Hujan,0,,soto_ayam,Soto Ayam,18000,37,666000
02/19/2026,Kamis,4,0,2,8,Hujan,0,,es_jeruk,Es Jeruk,10000,39,390000
02/19/2026,Kamis,4,0,2,8,Hujan,0,,gorengan,Gorengan,2000,140,280000
02/20/2026,Jumat,5,0,2,8,Berawan,0,,ayam_geprek,Ayam Geprek,18000,39,702000
02/20/2026,Jumat,5,0,2,8,Berawan,0,,nasi_goreng,Nasi Goreng,22000,34,748000
02/20/2026,Jumat,5,0,2,8,Berawan,0,,kopi_susu,Kopi Susu,16000,41,656000
02/20/2026,Jumat,5,0,2,8,Berawan,0,,es_teh_manis,Es Teh Manis,8000,54,432000
02/20/2026,Jumat,5,0,2,8,Berawan,0,,mie_goreng,Mie Goreng Spesial,15000,32,480000
02/20/2026,Jumat,5,0,2,8,Berawan,0,,sate_ayam,Sate Ayam,25000,19,475000
02/20/2026,Jumat,5,0,2,8,Berawan,0,,bakso_sapi,Bakso Sapi,15000,35,525000
02/20/2026,Jumat,5,0,2,8,Berawan,0,,soto_ayam,Soto Ayam,18000,29,522000
02/20/2026,Jumat,5,0,2,8,Berawan,0,,es_jeruk,Es Jeruk,10000,54,540000
02/20/2026,Jumat,5,0,2,8,Berawan,0,,gorengan,Gorengan,2000,114,228000
02/21/2026,Sabtu,6,1,2,8,Berawan,0,,ayam_geprek,Ayam Geprek,18000,52,936000
02/21/2026,Sabtu,6,1,2,8,Berawan,0,,nasi_goreng,Nasi Goreng,22000,45,990000
02/21/2026,Sabtu,6,1,2,8,Berawan,0,,kopi_susu,Kopi Susu,16000,51,816000
02/21/2026,Sabtu,6,1,2,8,Berawan,0,,es_teh_manis,Es Teh Manis,8000,76,608000
02/21/2026,Sabtu,6,1,2,8,Berawan,0,,mie_goreng,Mie Goreng Spesial,15000,36,540000
02/21/2026,Sabtu,6,1,2,8,Berawan,0,,sate_ayam,Sate Ayam,25000,24,600000
02/21/2026,Sabtu,6,1,2,8,Berawan,0,,bakso_sapi,Bakso Sapi,15000,39,585000
02/21/2026,Sabtu,6,1,2,8,Berawan,0,,soto_ayam,Soto Ayam,18000,33,594000
02/21/2026,Sabtu,6,1,2,8,Berawan,0,,es_jeruk,Es Jeruk,10000,63,630000
02/21/2026,Sabtu,6,1,2,8,Berawan,0,,gorengan,Gorengan,2000,144,288000
02/22/2026,Minggu,7,1,2,8,Berawan,0,,ayam_geprek,Ayam Geprek,18000,50,900000
02/22/2026,Minggu,7,1,2,8,Berawan,0,,nasi_goreng,Nasi Goreng,22000,44,968000
02/22/2026,Minggu,7,1,2,8,Berawan,0,,kopi_susu,Kopi Susu,16000,50,800000
02/22/2026,Minggu,7,1,2,8,Berawan,0,,es_teh_manis,Es Teh Manis,8000,74,592000
02/22/2026,Minggu,7,1,2,8,Berawan,0,,mie_goreng,Mie Goreng Spesial,15000,33,495000
02/22/2026,Minggu,7,1,2,8,Berawan,0,,sate_ayam,Sate Ayam,25000,25,625000
02/22/2026,Minggu,7,1,2,8,Berawan,0,,bakso_sapi,Bakso Sapi,15000,43,645000
02/22/2026,Minggu,7,1,2,8,Berawan,0,,soto_ayam,Soto Ayam,18000,39,702000
02/22/2026,Minggu,7,1,2,8,Berawan,0,,es_jeruk,Es Jeruk,10000,55,550000
02/22/2026,Minggu,7,1,2,8,Berawan,0,,gorengan,Gorengan,2000,131,262000
02/23/2026,Senin,1,0,2,9,Cerah,0,,ayam_geprek,Ayam Geprek,18000,38,684000
02/23/2026,Senin,1,0,2,9,Cerah,0,,nasi_goreng,Nasi Goreng,22000,33,726000
02/23/2026,Senin,1,0,2,9,Cerah,0,,kopi_susu,Kopi Susu,16000,49,784000
02/23/2026,Senin,1,0,2,9,Cerah,0,,es_teh_manis,Es Teh Manis,8000,66,528000
02/23/2026,Senin,1,0,2,9,Cerah,0,,mie_goreng,Mie Goreng Spesial,15000,29,435000
02/23/2026,Senin,1,0,2,9,Cerah,0,,sate_ayam,Sate Ayam,25000,21,525000
02/23/2026,Senin,1,0,2,9,Cerah,0,,bakso_sapi,Bakso Sapi,15000,35,525000
02/23/2026,Senin,1,0,2,9,Cerah,0,,soto_ayam,Soto Ayam,18000,32,576000
02/23/2026,Senin,1,0,2,9,Cerah,0,,es_jeruk,Es Jeruk,10000,53,530000
02/23/2026,Senin,1,0,2,9,Cerah,0,,gorengan,Gorengan,2000,120,240000
02/24/2026,Selasa,2,0,2,9,Cerah,0,,ayam_geprek,Ayam Geprek,18000,37,666000
02/24/2026,Selasa,2,0,2,9,Cerah,0,,nasi_goreng,Nasi Goreng,22000,38,836000
02/24/2026,Selasa,2,0,2,9,Cerah,0,,kopi_susu,Kopi Susu,16000,42,672000
02/24/2026,Selasa,2,0,2,9,Cerah,0,,es_teh_manis,Es Teh Manis,8000,69,552000
02/24/2026,Selasa,2,0,2,9,Cerah,0,,mie_goreng,Mie Goreng Spesial,15000,29,435000
02/24/2026,Selasa,2,0,2,9,Cerah,0,,sate_ayam,Sate Ayam,25000,19,475000
02/24/2026,Selasa,2,0,2,9,Cerah,0,,bakso_sapi,Bakso Sapi,15000,38,570000
02/24/2026,Selasa,2,0,2,9,Cerah,0,,soto_ayam,Soto Ayam,18000,27,486000
02/24/2026,Selasa,2,0,2,9,Cerah,0,,es_jeruk,Es Jeruk,10000,59,590000
02/24/2026,Selasa,2,0,2,9,Cerah,0,,gorengan,Gorengan,2000,131,262000
02/25/2026,Rabu,3,0,2,9,Berawan,1,Periode Gajian,ayam_geprek,Ayam Geprek,18000,57,1026000
02/25/2026,Rabu,3,0,2,9,Berawan,1,Periode Gajian,nasi_goreng,Nasi Goreng,22000,41,902000
02/25/2026,Rabu,3,0,2,9,Berawan,1,Periode Gajian,kopi_susu,Kopi Susu,16000,58,928000
02/25/2026,Rabu,3,0,2,9,Berawan,1,Periode Gajian,es_teh_manis,Es Teh Manis,8000,74,592000
02/25/2026,Rabu,3,0,2,9,Berawan,1,Periode Gajian,mie_goreng,Mie Goreng Spesial,15000,41,615000
02/25/2026,Rabu,3,0,2,9,Berawan,1,Periode Gajian,sate_ayam,Sate Ayam,25000,29,725000
02/25/2026,Rabu,3,0,2,9,Berawan,1,Periode Gajian,bakso_sapi,Bakso Sapi,15000,43,645000
02/25/2026,Rabu,3,0,2,9,Berawan,1,Periode Gajian,soto_ayam,Soto Ayam,18000,40,720000
02/25/2026,Rabu,3,0,2,9,Berawan,1,Periode Gajian,es_jeruk,Es Jeruk,10000,61,610000
02/25/2026,Rabu,3,0,2,9,Berawan,1,Periode Gajian,gorengan,Gorengan,2000,158,316000
02/26/2026,Kamis,4,0,2,9,Berawan,1,Periode Gajian,ayam_geprek,Ayam Geprek,18000,57,1026000
02/26/2026,Kamis,4,0,2,9,Berawan,1,Periode Gajian,nasi_goreng,Nasi Goreng,22000,46,1012000
02/26/2026,Kamis,4,0,2,9,Berawan,1,Periode Gajian,kopi_susu,Kopi Susu,16000,57,912000
02/26/2026,Kamis,4,0,2,9,Berawan,1,Periode Gajian,es_teh_manis,Es Teh Manis,8000,72,576000
02/26/2026,Kamis,4,0,2,9,Berawan,1,Periode Gajian,mie_goreng,Mie Goreng Spesial,15000,36,540000
02/26/2026,Kamis,4,0,2,9,Berawan,1,Periode Gajian,sate_ayam,Sate Ayam,25000,25,625000
02/26/2026,Kamis,4,0,2,9,Berawan,1,Periode Gajian,bakso_sapi,Bakso Sapi,15000,43,645000
02/26/2026,Kamis,4,0,2,9,Berawan,1,Periode Gajian,soto_ayam,Soto Ayam,18000,42,756000
02/26/2026,Kamis,4,0,2,9,Berawan,1,Periode Gajian,es_jeruk,Es Jeruk,10000,66,660000
02/26/2026,Kamis,4,0,2,9,Berawan,1,Periode Gajian,gorengan,Gorengan,2000,157,314000
02/27/2026,Jumat,5,0,2,9,Cerah,1,Periode Gajian,ayam_geprek,Ayam Geprek,18000,56,1008000
02/27/2026,Jumat,5,0,2,9,Cerah,1,Periode Gajian,nasi_goreng,Nasi Goreng,22000,48,1056000
02/27/2026,Jumat,5,0,2,9,Cerah,1,Periode Gajian,kopi_susu,Kopi Susu,16000,53,848000
02/27/2026,Jumat,5,0,2,9,Cerah,1,Periode Gajian,es_teh_manis,Es Teh Manis,8000,93,744000
02/27/2026,Jumat,5,0,2,9,Cerah,1,Periode Gajian,mie_goreng,Mie Goreng Spesial,15000,39,585000
02/27/2026,Jumat,5,0,2,9,Cerah,1,Periode Gajian,sate_ayam,Sate Ayam,25000,24,600000
02/27/2026,Jumat,5,0,2,9,Cerah,1,Periode Gajian,bakso_sapi,Bakso Sapi,15000,45,675000
02/27/2026,Jumat,5,0,2,9,Cerah,1,Periode Gajian,soto_ayam,Soto Ayam,18000,39,702000
02/27/2026,Jumat,5,0,2,9,Cerah,1,Periode Gajian,es_jeruk,Es Jeruk,10000,70,700000
02/27/2026,Jumat,5,0,2,9,Cerah,1,Periode Gajian,gorengan,Gorengan,2000,170,340000
02/28/2026,Sabtu,6,1,2,9,Hujan,1,Periode Gajian,ayam_geprek,Ayam Geprek,18000,65,1170000
02/28/2026,Sabtu,6,1,2,9,Hujan,1,Periode Gajian,nasi_goreng,Nasi Goreng,22000,54,1188000
02/28/2026,Sabtu,6,1,2,9,Hujan,1,Periode Gajian,kopi_susu,Kopi Susu,16000,55,880000
02/28/2026,Sabtu,6,1,2,9,Hujan,1,Periode Gajian,es_teh_manis,Es Teh Manis,8000,77,616000
02/28/2026,Sabtu,6,1,2,9,Hujan,1,Periode Gajian,mie_goreng,Mie Goreng Spesial,15000,47,705000
02/28/2026,Sabtu,6,1,2,9,Hujan,1,Periode Gajian,sate_ayam,Sate Ayam,25000,28,700000
02/28/2026,Sabtu,6,1,2,9,Hujan,1,Periode Gajian,bakso_sapi,Bakso Sapi,15000,63,945000
02/28/2026,Sabtu,6,1,2,9,Hujan,1,Periode Gajian,soto_ayam,Soto Ayam,18000,57,1026000
02/28/2026,Sabtu,6,1,2,9,Hujan,1,Periode Gajian,es_jeruk,Es Jeruk,10000,62,620000
02/28/2026,Sabtu,6,1,2,9,Hujan,1,Periode Gajian,gorengan,Gorengan,2000,196,392000
03/01/2026,Minggu,7,1,3,9,Berawan,1,Periode Gajian,ayam_geprek,Ayam Geprek,18000,59,1062000
03/01/2026,Minggu,7,1,3,9,Berawan,1,Periode Gajian,nasi_goreng,Nasi Goreng,22000,52,1144000
03/01/2026,Minggu,7,1,3,9,Berawan,1,Periode Gajian,kopi_susu,Kopi Susu,16000,65,1040000
03/01/2026,Minggu,7,1,3,9,Berawan,1,Periode Gajian,es_teh_manis,Es Teh Manis,8000,90,720000
03/01/2026,Minggu,7,1,3,9,Berawan,1,Periode Gajian,mie_goreng,Mie Goreng Spesial,15000,49,735000
03/01/2026,Minggu,7,1,3,9,Berawan,1,Periode Gajian,sate_ayam,Sate Ayam,25000,31,775000
03/01/2026,Minggu,7,1,3,9,Berawan,1,Periode Gajian,bakso_sapi,Bakso Sapi,15000,51,765000
03/01/2026,Minggu,7,1,3,9,Berawan,1,Periode Gajian,soto_ayam,Soto Ayam,18000,50,900000
03/01/2026,Minggu,7,1,3,9,Berawan,1,Periode Gajian,es_jeruk,Es Jeruk,10000,84,840000
03/01/2026,Minggu,7,1,3,9,Berawan,1,Periode Gajian,gorengan,Gorengan,2000,201,402000
03/02/2026,Senin,1,0,3,10,Cerah,1,Periode Gajian,ayam_geprek,Ayam Geprek,18000,51,918000
03/02/2026,Senin,1,0,3,10,Cerah,1,Periode Gajian,nasi_goreng,Nasi Goreng,22000,50,1100000
03/02/2026,Senin,1,0,3,10,Cerah,1,Periode Gajian,kopi_susu,Kopi Susu,16000,62,992000
03/02/2026,Senin,1,0,3,10,Cerah,1,Periode Gajian,es_teh_manis,Es Teh Manis,8000,81,648000
03/02/2026,Senin,1,0,3,10,Cerah,1,Periode Gajian,mie_goreng,Mie Goreng Spesial,15000,36,540000
03/02/2026,Senin,1,0,3,10,Cerah,1,Periode Gajian,sate_ayam,Sate Ayam,25000,26,650000
03/02/2026,Senin,1,0,3,10,Cerah,1,Periode Gajian,bakso_sapi,Bakso Sapi,15000,49,735000
03/02/2026,Senin,1,0,3,10,Cerah,1,Periode Gajian,soto_ayam,Soto Ayam,18000,39,702000
03/02/2026,Senin,1,0,3,10,Cerah,1,Periode Gajian,es_jeruk,Es Jeruk,10000,75,750000
03/02/2026,Senin,1,0,3,10,Cerah,1,Periode Gajian,gorengan,Gorengan,2000,144,288000
03/03/2026,Selasa,2,0,3,10,Berawan,0,,ayam_geprek,Ayam Geprek,18000,43,774000
03/03/2026,Selasa,2,0,3,10,Berawan,0,,nasi_goreng,Nasi Goreng,22000,34,748000
03/03/2026,Selasa,2,0,3,10,Berawan,0,,kopi_susu,Kopi Susu,16000,47,752000
03/03/2026,Selasa,2,0,3,10,Berawan,0,,es_teh_manis,Es Teh Manis,8000,66,528000
03/03/2026,Selasa,2,0,3,10,Berawan,0,,mie_goreng,Mie Goreng Spesial,15000,28,420000
03/03/2026,Selasa,2,0,3,10,Berawan,0,,sate_ayam,Sate Ayam,25000,20,500000
03/03/2026,Selasa,2,0,3,10,Berawan,0,,bakso_sapi,Bakso Sapi,15000,34,510000
03/03/2026,Selasa,2,0,3,10,Berawan,0,,soto_ayam,Soto Ayam,18000,32,576000
03/03/2026,Selasa,2,0,3,10,Berawan,0,,es_jeruk,Es Jeruk,10000,51,510000
03/03/2026,Selasa,2,0,3,10,Berawan,0,,gorengan,Gorengan,2000,123,246000
03/04/2026,Rabu,3,0,3,10,Berawan,0,,ayam_geprek,Ayam Geprek,18000,39,702000
03/04/2026,Rabu,3,0,3,10,Berawan,0,,nasi_goreng,Nasi Goreng,22000,38,836000
03/04/2026,Rabu,3,0,3,10,Berawan,0,,kopi_susu,Kopi Susu,16000,45,720000
03/04/2026,Rabu,3,0,3,10,Berawan,0,,es_teh_manis,Es Teh Manis,8000,56,448000
03/04/2026,Rabu,3,0,3,10,Berawan,0,,mie_goreng,Mie Goreng Spesial,15000,31,465000
03/04/2026,Rabu,3,0,3,10,Berawan,0,,sate_ayam,Sate Ayam,25000,21,525000
03/04/2026,Rabu,3,0,3,10,Berawan,0,,bakso_sapi,Bakso Sapi,15000,34,510000
03/04/2026,Rabu,3,0,3,10,Berawan,0,,soto_ayam,Soto Ayam,18000,32,576000
03/04/2026,Rabu,3,0,3,10,Berawan,0,,es_jeruk,Es Jeruk,10000,54,540000
03/04/2026,Rabu,3,0,3,10,Berawan,0,,gorengan,Gorengan,2000,115,230000
03/05/2026,Kamis,4,0,3,10,Hujan,0,,ayam_geprek,Ayam Geprek,18000,37,666000
03/05/2026,Kamis,4,0,3,10,Hujan,0,,nasi_goreng,Nasi Goreng,22000,33,726000
03/05/2026,Kamis,4,0,3,10,Hujan,0,,kopi_susu,Kopi Susu,16000,34,544000
03/05/2026,Kamis,4,0,3,10,Hujan,0,,es_teh_manis,Es Teh Manis,8000,52,416000
03/05/2026,Kamis,4,0,3,10,Hujan,0,,mie_goreng,Mie Goreng Spesial,15000,31,465000
03/05/2026,Kamis,4,0,3,10,Hujan,0,,sate_ayam,Sate Ayam,25000,19,475000
03/05/2026,Kamis,4,0,3,10,Hujan,0,,bakso_sapi,Bakso Sapi,15000,40,600000
03/05/2026,Kamis,4,0,3,10,Hujan,0,,soto_ayam,Soto Ayam,18000,35,630000
03/05/2026,Kamis,4,0,3,10,Hujan,0,,es_jeruk,Es Jeruk,10000,37,370000
03/05/2026,Kamis,4,0,3,10,Hujan,0,,gorengan,Gorengan,2000,149,298000
03/06/2026,Jumat,5,0,3,10,Hujan,1,Promo Jumat Berkah,ayam_geprek,Ayam Geprek,18000,50,900000
03/06/2026,Jumat,5,0,3,10,Hujan,1,Promo Jumat Berkah,nasi_goreng,Nasi Goreng,22000,40,880000
03/06/2026,Jumat,5,0,3,10,Hujan,1,Promo Jumat Berkah,kopi_susu,Kopi Susu,16000,45,720000
03/06/2026,Jumat,5,0,3,10,Hujan,1,Promo Jumat Berkah,es_teh_manis,Es Teh Manis,8000,57,456000
03/06/2026,Jumat,5,0,3,10,Hujan,1,Promo Jumat Berkah,mie_goreng,Mie Goreng Spesial,15000,35,525000
03/06/2026,Jumat,5,0,3,10,Hujan,1,Promo Jumat Berkah,sate_ayam,Sate Ayam,25000,21,525000
03/06/2026,Jumat,5,0,3,10,Hujan,1,Promo Jumat Berkah,bakso_sapi,Bakso Sapi,15000,50,750000
03/06/2026,Jumat,5,0,3,10,Hujan,1,Promo Jumat Berkah,soto_ayam,Soto Ayam,18000,39,702000
03/06/2026,Jumat,5,0,3,10,Hujan,1,Promo Jumat Berkah,es_jeruk,Es Jeruk,10000,43,430000
03/06/2026,Jumat,5,0,3,10,Hujan,1,Promo Jumat Berkah,gorengan,Gorengan,2000,143,286000
03/07/2026,Sabtu,6,1,3,10,Berawan,0,,ayam_geprek,Ayam Geprek,18000,48,864000
03/07/2026,Sabtu,6,1,3,10,Berawan,0,,nasi_goreng,Nasi Goreng,22000,44,968000
03/07/2026,Sabtu,6,1,3,10,Berawan,0,,kopi_susu,Kopi Susu,16000,58,928000
03/07/2026,Sabtu,6,1,3,10,Berawan,0,,es_teh_manis,Es Teh Manis,8000,66,528000
03/07/2026,Sabtu,6,1,3,10,Berawan,0,,mie_goreng,Mie Goreng Spesial,15000,38,570000
03/07/2026,Sabtu,6,1,3,10,Berawan,0,,sate_ayam,Sate Ayam,25000,22,550000
03/07/2026,Sabtu,6,1,3,10,Berawan,0,,bakso_sapi,Bakso Sapi,15000,45,675000
03/07/2026,Sabtu,6,1,3,10,Berawan,0,,soto_ayam,Soto Ayam,18000,38,684000
03/07/2026,Sabtu,6,1,3,10,Berawan,0,,es_jeruk,Es Jeruk,10000,60,600000
03/07/2026,Sabtu,6,1,3,10,Berawan,0,,gorengan,Gorengan,2000,150,300000
03/08/2026,Minggu,7,1,3,10,Cerah,0,,ayam_geprek,Ayam Geprek,18000,48,864000
03/08/2026,Minggu,7,1,3,10,Cerah,0,,nasi_goreng,Nasi Goreng,22000,45,990000
03/08/2026,Minggu,7,1,3,10,Cerah,0,,kopi_susu,Kopi Susu,16000,54,864000
03/08/2026,Minggu,7,1,3,10,Cerah,0,,es_teh_manis,Es Teh Manis,8000,80,640000
03/08/2026,Minggu,7,1,3,10,Cerah,0,,mie_goreng,Mie Goreng Spesial,15000,36,540000
03/08/2026,Minggu,7,1,3,10,Cerah,0,,sate_ayam,Sate Ayam,25000,26,650000
03/08/2026,Minggu,7,1,3,10,Cerah,0,,bakso_sapi,Bakso Sapi,15000,41,615000
03/08/2026,Minggu,7,1,3,10,Cerah,0,,soto_ayam,Soto Ayam,18000,34,612000
03/08/2026,Minggu,7,1,3,10,Cerah,0,,es_jeruk,Es Jeruk,10000,72,720000
03/08/2026,Minggu,7,1,3,10,Cerah,0,,gorengan,Gorengan,2000,153,306000
03/09/2026,Senin,1,0,3,11,Cerah,0,,ayam_geprek,Ayam Geprek,18000,38,684000
03/09/2026,Senin,1,0,3,11,Cerah,0,,nasi_goreng,Nasi Goreng,22000,32,704000
03/09/2026,Senin,1,0,3,11,Cerah,0,,kopi_susu,Kopi Susu,16000,44,704000
03/09/2026,Senin,1,0,3,11,Cerah,0,,es_teh_manis,Es Teh Manis,8000,68,544000
03/09/2026,Senin,1,0,3,11,Cerah,0,,mie_goreng,Mie Goreng Spesial,15000,31,465000
03/09/2026,Senin,1,0,3,11,Cerah,0,,sate_ayam,Sate Ayam,25000,21,525000
03/09/2026,Senin,1,0,3,11,Cerah,0,,bakso_sapi,Bakso Sapi,15000,36,540000
03/09/2026,Senin,1,0,3,11,Cerah,0,,soto_ayam,Soto Ayam,18000,29,522000
03/09/2026,Senin,1,0,3,11,Cerah,0,,es_jeruk,Es Jeruk,10000,61,610000
03/09/2026,Senin,1,0,3,11,Cerah,0,,gorengan,Gorengan,2000,119,238000
03/10/2026,Selasa,2,0,3,11,Hujan,0,,ayam_geprek,Ayam Geprek,18000,41,738000
03/10/2026,Selasa,2,0,3,11,Hujan,0,,nasi_goreng,Nasi Goreng,22000,32,704000
03/10/2026,Selasa,2,0,3,11,Hujan,0,,kopi_susu,Kopi Susu,16000,37,592000
03/10/2026,Selasa,2,0,3,11,Hujan,0,,es_teh_manis,Es Teh Manis,8000,46,368000
03/10/2026,Selasa,2,0,3,11,Hujan,0,,mie_goreng,Mie Goreng Spesial,15000,31,465000
03/10/2026,Selasa,2,0,3,11,Hujan,0,,sate_ayam,Sate Ayam,25000,18,450000
03/10/2026,Selasa,2,0,3,11,Hujan,0,,bakso_sapi,Bakso Sapi,15000,38,570000
03/10/2026,Selasa,2,0,3,11,Hujan,0,,soto_ayam,Soto Ayam,18000,37,666000
03/10/2026,Selasa,2,0,3,11,Hujan,0,,es_jeruk,Es Jeruk,10000,38,380000
03/10/2026,Selasa,2,0,3,11,Hujan,0,,gorengan,Gorengan,2000,147,294000
03/11/2026,Rabu,3,0,3,11,Cerah,0,,ayam_geprek,Ayam Geprek,18000,41,738000
03/11/2026,Rabu,3,0,3,11,Cerah,0,,nasi_goreng,Nasi Goreng,22000,36,792000
03/11/2026,Rabu,3,0,3,11,Cerah,0,,kopi_susu,Kopi Susu,16000,45,720000
03/11/2026,Rabu,3,0,3,11,Cerah,0,,es_teh_manis,Es Teh Manis,8000,66,528000
03/11/2026,Rabu,3,0,3,11,Cerah,0,,mie_goreng,Mie Goreng Spesial,15000,28,420000
03/11/2026,Rabu,3,0,3,11,Cerah,0,,sate_ayam,Sate Ayam,25000,18,450000
03/11/2026,Rabu,3,0,3,11,Cerah,0,,bakso_sapi,Bakso Sapi,15000,34,510000
03/11/2026,Rabu,3,0,3,11,Cerah,0,,soto_ayam,Soto Ayam,18000,31,558000
03/11/2026,Rabu,3,0,3,11,Cerah,0,,es_jeruk,Es Jeruk,10000,63,630000
03/11/2026,Rabu,3,0,3,11,Cerah,0,,gorengan,Gorengan,2000,129,258000
03/12/2026,Kamis,4,0,3,11,Berawan,0,,ayam_geprek,Ayam Geprek,18000,42,756000
03/12/2026,Kamis,4,0,3,11,Berawan,0,,nasi_goreng,Nasi Goreng,22000,36,792000
03/12/2026,Kamis,4,0,3,11,Berawan,0,,kopi_susu,Kopi Susu,16000,43,688000
03/12/2026,Kamis,4,0,3,11,Berawan,0,,es_teh_manis,Es Teh Manis,8000,65,520000
03/12/2026,Kamis,4,0,3,11,Berawan,0,,mie_goreng,Mie Goreng Spesial,15000,31,465000
03/12/2026,Kamis,4,0,3,11,Berawan,0,,sate_ayam,Sate Ayam,25000,20,500000
03/12/2026,Kamis,4,0,3,11,Berawan,0,,bakso_sapi,Bakso Sapi,15000,32,480000
03/12/2026,Kamis,4,0,3,11,Berawan,0,,soto_ayam,Soto Ayam,18000,30,540000
03/12/2026,Kamis,4,0,3,11,Berawan,0,,es_jeruk,Es Jeruk,10000,50,500000
03/12/2026,Kamis,4,0,3,11,Berawan,0,,gorengan,Gorengan,2000,129,258000
03/13/2026,Jumat,5,0,3,11,Berawan,0,,ayam_geprek,Ayam Geprek,18000,44,792000
03/13/2026,Jumat,5,0,3,11,Berawan,0,,nasi_goreng,Nasi Goreng,22000,32,704000
03/13/2026,Jumat,5,0,3,11,Berawan,0,,kopi_susu,Kopi Susu,16000,44,704000
03/13/2026,Jumat,5,0,3,11,Berawan,0,,es_teh_manis,Es Teh Manis,8000,55,440000
03/13/2026,Jumat,5,0,3,11,Berawan,0,,mie_goreng,Mie Goreng Spesial,15000,31,465000
03/13/2026,Jumat,5,0,3,11,Berawan,0,,sate_ayam,Sate Ayam,25000,22,550000
03/13/2026,Jumat,5,0,3,11,Berawan,0,,bakso_sapi,Bakso Sapi,15000,33,495000
03/13/2026,Jumat,5,0,3,11,Berawan,0,,soto_ayam,Soto Ayam,18000,32,576000
03/13/2026,Jumat,5,0,3,11,Berawan,0,,es_jeruk,Es Jeruk,10000,48,480000
03/13/2026,Jumat,5,0,3,11,Berawan,0,,gorengan,Gorengan,2000,130,260000
03/14/2026,Sabtu,6,1,3,11,Berawan,0,,ayam_geprek,Ayam Geprek,18000,51,918000
03/14/2026,Sabtu,6,1,3,11,Berawan,0,,nasi_goreng,Nasi Goreng,22000,38,836000
03/14/2026,Sabtu,6,1,3,11,Berawan,0,,kopi_susu,Kopi Susu,16000,59,944000
03/14/2026,Sabtu,6,1,3,11,Berawan,0,,es_teh_manis,Es Teh Manis,8000,75,600000
03/14/2026,Sabtu,6,1,3,11,Berawan,0,,mie_goreng,Mie Goreng Spesial,15000,35,525000
03/14/2026,Sabtu,6,1,3,11,Berawan,0,,sate_ayam,Sate Ayam,25000,26,650000
03/14/2026,Sabtu,6,1,3,11,Berawan,0,,bakso_sapi,Bakso Sapi,15000,40,600000
03/14/2026,Sabtu,6,1,3,11,Berawan,0,,soto_ayam,Soto Ayam,18000,39,702000
03/14/2026,Sabtu,6,1,3,11,Berawan,0,,es_jeruk,Es Jeruk,10000,55,550000
03/14/2026,Sabtu,6,1,3,11,Berawan,0,,gorengan,Gorengan,2000,150,300000
03/15/2026,Minggu,7,1,3,11,Berawan,0,,ayam_geprek,Ayam Geprek,18000,44,792000
03/15/2026,Minggu,7,1,3,11,Berawan,0,,nasi_goreng,Nasi Goreng,22000,40,880000
03/15/2026,Minggu,7,1,3,11,Berawan,0,,kopi_susu,Kopi Susu,16000,49,784000
03/15/2026,Minggu,7,1,3,11,Berawan,0,,es_teh_manis,Es Teh Manis,8000,72,576000
03/15/2026,Minggu,7,1,3,11,Berawan,0,,mie_goreng,Mie Goreng Spesial,15000,35,525000
03/15/2026,Minggu,7,1,3,11,Berawan,0,,sate_ayam,Sate Ayam,25000,24,600000
03/15/2026,Minggu,7,1,3,11,Berawan,0,,bakso_sapi,Bakso Sapi,15000,40,600000
03/15/2026,Minggu,7,1,3,11,Berawan,0,,soto_ayam,Soto Ayam,18000,35,630000
03/15/2026,Minggu,7,1,3,11,Berawan,0,,es_jeruk,Es Jeruk,10000,63,630000
03/15/2026,Minggu,7,1,3,11,Berawan,0,,gorengan,Gorengan,2000,131,262000
03/16/2026,Senin,1,0,3,12,Hujan,0,,ayam_geprek,Ayam Geprek,18000,43,774000
03/16/2026,Senin,1,0,3,12,Hujan,0,,nasi_goreng,Nasi Goreng,22000,36,792000
03/16/2026,Senin,1,0,3,12,Hujan,0,,kopi_susu,Kopi Susu,16000,37,592000
03/16/2026,Senin,1,0,3,12,Hujan,0,,es_teh_manis,Es Teh Manis,8000,52,416000
03/16/2026,Senin,1,0,3,12,Hujan,0,,mie_goreng,Mie Goreng Spesial,15000,28,420000
03/16/2026,Senin,1,0,3,12,Hujan,0,,sate_ayam,Sate Ayam,25000,18,450000
03/16/2026,Senin,1,0,3,12,Hujan,0,,bakso_sapi,Bakso Sapi,15000,38,570000
03/16/2026,Senin,1,0,3,12,Hujan,0,,soto_ayam,Soto Ayam,18000,37,666000
03/16/2026,Senin,1,0,3,12,Hujan,0,,es_jeruk,Es Jeruk,10000,36,360000
03/16/2026,Senin,1,0,3,12,Hujan,0,,gorengan,Gorengan,2000,140,280000
03/17/2026,Selasa,2,0,3,12,Hujan,0,,ayam_geprek,Ayam Geprek,18000,43,774000
03/17/2026,Selasa,2,0,3,12,Hujan,0,,nasi_goreng,Nasi Goreng,22000,35,770000
03/17/2026,Selasa,2,0,3,12,Hujan,0,,kopi_susu,Kopi Susu,16000,33,528000
03/17/2026,Selasa,2,0,3,12,Hujan,0,,es_teh_manis,Es Teh Manis,8000,51,408000
03/17/2026,Selasa,2,0,3,12,Hujan,0,,mie_goreng,Mie Goreng Spesial,15000,31,465000
03/17/2026,Selasa,2,0,3,12,Hujan,0,,sate_ayam,Sate Ayam,25000,18,450000
03/17/2026,Selasa,2,0,3,12,Hujan,0,,bakso_sapi,Bakso Sapi,15000,37,555000
03/17/2026,Selasa,2,0,3,12,Hujan,0,,soto_ayam,Soto Ayam,18000,37,666000
03/17/2026,Selasa,2,0,3,12,Hujan,0,,es_jeruk,Es Jeruk,10000,41,410000
03/17/2026,Selasa,2,0,3,12,Hujan,0,,gorengan,Gorengan,2000,147,294000
03/18/2026,Rabu,3,0,3,12,Hujan,0,,ayam_geprek,Ayam Geprek,18000,41,738000
03/18/2026,Rabu,3,0,3,12,Hujan,0,,nasi_goreng,Nasi Goreng,22000,35,770000
03/18/2026,Rabu,3,0,3,12,Hujan,0,,kopi_susu,Kopi Susu,16000,35,560000
03/18/2026,Rabu,3,0,3,12,Hujan,0,,es_teh_manis,Es Teh Manis,8000,46,368000
03/18/2026,Rabu,3,0,3,12,Hujan,0,,mie_goreng,Mie Goreng Spesial,15000,30,450000
03/18/2026,Rabu,3,0,3,12,Hujan,0,,sate_ayam,Sate Ayam,25000,21,525000
03/18/2026,Rabu,3,0,3,12,Hujan,0,,bakso_sapi,Bakso Sapi,15000,41,615000
03/18/2026,Rabu,3,0,3,12,Hujan,0,,soto_ayam,Soto Ayam,18000,37,666000
03/18/2026,Rabu,3,0,3,12,Hujan,0,,es_jeruk,Es Jeruk,10000,40,400000
03/18/2026,Rabu,3,0,3,12,Hujan,0,,gorengan,Gorengan,2000,141,282000
03/19/2026,Kamis,4,0,3,12,Berawan,0,,ayam_geprek,Ayam Geprek,18000,41,738000
03/19/2026,Kamis,4,0,3,12,Berawan,0,,nasi_goreng,Nasi Goreng,22000,36,792000
03/19/2026,Kamis,4,0,3,12,Berawan,0,,kopi_susu,Kopi Susu,16000,43,688000
03/19/2026,Kamis,4,0,3,12,Berawan,0,,es_teh_manis,Es Teh Manis,8000,60,480000
03/19/2026,Kamis,4,0,3,12,Berawan,0,,mie_goreng,Mie Goreng Spesial,15000,28,420000
03/19/2026,Kamis,4,0,3,12,Berawan,0,,sate_ayam,Sate Ayam,25000,20,500000
03/19/2026,Kamis,4,0,3,12,Berawan,0,,bakso_sapi,Bakso Sapi,15000,35,525000
03/19/2026,Kamis,4,0,3,12,Berawan,0,,soto_ayam,Soto Ayam,18000,31,558000
03/19/2026,Kamis,4,0,3,12,Berawan,0,,es_jeruk,Es Jeruk,10000,55,550000
03/19/2026,Kamis,4,0,3,12,Berawan,0,,gorengan,Gorengan,2000,122,244000
03/20/2026,Jumat,5,0,3,12,Berawan,1,Promo Jumat Berkah,ayam_geprek,Ayam Geprek,18000,47,846000
03/20/2026,Jumat,5,0,3,12,Berawan,1,Promo Jumat Berkah,nasi_goreng,Nasi Goreng,22000,37,814000
03/20/2026,Jumat,5,0,3,12,Berawan,1,Promo Jumat Berkah,kopi_susu,Kopi Susu,16000,49,784000
03/20/2026,Jumat,5,0,3,12,Berawan,1,Promo Jumat Berkah,es_teh_manis,Es Teh Manis,8000,67,536000
03/20/2026,Jumat,5,0,3,12,Berawan,1,Promo Jumat Berkah,mie_goreng,Mie Goreng Spesial,15000,34,510000
03/20/2026,Jumat,5,0,3,12,Berawan,1,Promo Jumat Berkah,sate_ayam,Sate Ayam,25000,21,525000
03/20/2026,Jumat,5,0,3,12,Berawan,1,Promo Jumat Berkah,bakso_sapi,Bakso Sapi,15000,37,555000
03/20/2026,Jumat,5,0,3,12,Berawan,1,Promo Jumat Berkah,soto_ayam,Soto Ayam,18000,33,594000
03/20/2026,Jumat,5,0,3,12,Berawan,1,Promo Jumat Berkah,es_jeruk,Es Jeruk,10000,63,630000
03/20/2026,Jumat,5,0,3,12,Berawan,1,Promo Jumat Berkah,gorengan,Gorengan,2000,133,266000
03/21/2026,Sabtu,6,1,3,12,Berawan,0,,ayam_geprek,Ayam Geprek,18000,45,810000
03/21/2026,Sabtu,6,1,3,12,Berawan,0,,nasi_goreng,Nasi Goreng,22000,43,946000
03/21/2026,Sabtu,6,1,3,12,Berawan,0,,kopi_susu,Kopi Susu,16000,52,832000
03/21/2026,Sabtu,6,1,3,12,Berawan,0,,es_teh_manis,Es Teh Manis,8000,68,544000
03/21/2026,Sabtu,6,1,3,12,Berawan,0,,mie_goreng,Mie Goreng Spesial,15000,36,540000
03/21/2026,Sabtu,6,1,3,12,Berawan,0,,sate_ayam,Sate Ayam,25000,22,550000
03/21/2026,Sabtu,6,1,3,12,Berawan,0,,bakso_sapi,Bakso Sapi,15000,38,570000
03/21/2026,Sabtu,6,1,3,12,Berawan,0,,soto_ayam,Soto Ayam,18000,34,612000
03/21/2026,Sabtu,6,1,3,12,Berawan,0,,es_jeruk,Es Jeruk,10000,54,540000
03/21/2026,Sabtu,6,1,3,12,Berawan,0,,gorengan,Gorengan,2000,133,266000
03/22/2026,Minggu,7,1,3,12,Cerah,0,,ayam_geprek,Ayam Geprek,18000,51,918000
03/22/2026,Minggu,7,1,3,12,Cerah,0,,nasi_goreng,Nasi Goreng,22000,43,946000
03/22/2026,Minggu,7,1,3,12,Cerah,0,,kopi_susu,Kopi Susu,16000,54,864000
03/22/2026,Minggu,7,1,3,12,Cerah,0,,es_teh_manis,Es Teh Manis,8000,79,632000
03/22/2026,Minggu,7,1,3,12,Cerah,0,,mie_goreng,Mie Goreng Spesial,15000,39,585000
03/22/2026,Minggu,7,1,3,12,Cerah,0,,sate_ayam,Sate Ayam,25000,24,600000
03/22/2026,Minggu,7,1,3,12,Cerah,0,,bakso_sapi,Bakso Sapi,15000,39,585000
03/22/2026,Minggu,7,1,3,12,Cerah,0,,soto_ayam,Soto Ayam,18000,37,666000
03/22/2026,Minggu,7,1,3,12,Cerah,0,,es_jeruk,Es Jeruk,10000,64,640000
03/22/2026,Minggu,7,1,3,12,Cerah,0,,gorengan,Gorengan,2000,140,280000
03/23/2026,Senin,1,0,3,13,Berawan,0,,ayam_geprek,Ayam Geprek,18000,43,774000
03/23/2026,Senin,1,0,3,13,Berawan,0,,nasi_goreng,Nasi Goreng,22000,35,770000
03/23/2026,Senin,1,0,3,13,Berawan,0,,kopi_susu,Kopi Susu,16000,47,752000
03/23/2026,Senin,1,0,3,13,Berawan,0,,es_teh_manis,Es Teh Manis,8000,66,528000
03/23/2026,Senin,1,0,3,13,Berawan,0,,mie_goreng,Mie Goreng Spesial,15000,28,420000
03/23/2026,Senin,1,0,3,13,Berawan,0,,sate_ayam,Sate Ayam,25000,19,475000
03/23/2026,Senin,1,0,3,13,Berawan,0,,bakso_sapi,Bakso Sapi,15000,34,510000
03/23/2026,Senin,1,0,3,13,Berawan,0,,soto_ayam,Soto Ayam,18000,30,540000
03/23/2026,Senin,1,0,3,13,Berawan,0,,es_jeruk,Es Jeruk,10000,49,490000
03/23/2026,Senin,1,0,3,13,Berawan,0,,gorengan,Gorengan,2000,130,260000
03/24/2026,Selasa,2,0,3,13,Berawan,0,,ayam_geprek,Ayam Geprek,18000,41,738000
03/24/2026,Selasa,2,0,3,13,Berawan,0,,nasi_goreng,Nasi Goreng,22000,34,748000
03/24/2026,Selasa,2,0,3,13,Berawan,0,,kopi_susu,Kopi Susu,16000,48,768000
03/24/2026,Selasa,2,0,3,13,Berawan,0,,es_teh_manis,Es Teh Manis,8000,65,520000
03/24/2026,Selasa,2,0,3,13,Berawan,0,,mie_goreng,Mie Goreng Spesial,15000,32,480000
03/24/2026,Selasa,2,0,3,13,Berawan,0,,sate_ayam,Sate Ayam,25000,18,450000
03/24/2026,Selasa,2,0,3,13,Berawan,0,,bakso_sapi,Bakso Sapi,15000,36,540000
03/24/2026,Selasa,2,0,3,13,Berawan,0,,soto_ayam,Soto Ayam,18000,27,486000
03/24/2026,Selasa,2,0,3,13,Berawan,0,,es_jeruk,Es Jeruk,10000,48,480000
03/24/2026,Selasa,2,0,3,13,Berawan,0,,gorengan,Gorengan,2000,109,218000
03/25/2026,Rabu,3,0,3,13,Berawan,1,Periode Gajian,ayam_geprek,Ayam Geprek,18000,54,972000
03/25/2026,Rabu,3,0,3,13,Berawan,1,Periode Gajian,nasi_goreng,Nasi Goreng,22000,42,924000
03/25/2026,Rabu,3,0,3,13,Berawan,1,Periode Gajian,kopi_susu,Kopi Susu,16000,57,912000
03/25/2026,Rabu,3,0,3,13,Berawan,1,Periode Gajian,es_teh_manis,Es Teh Manis,8000,77,616000
03/25/2026,Rabu,3,0,3,13,Berawan,1,Periode Gajian,mie_goreng,Mie Goreng Spesial,15000,38,570000
03/25/2026,Rabu,3,0,3,13,Berawan,1,Periode Gajian,sate_ayam,Sate Ayam,25000,24,600000
03/25/2026,Rabu,3,0,3,13,Berawan,1,Periode Gajian,bakso_sapi,Bakso Sapi,15000,45,675000
03/25/2026,Rabu,3,0,3,13,Berawan,1,Periode Gajian,soto_ayam,Soto Ayam,18000,41,738000
03/25/2026,Rabu,3,0,3,13,Berawan,1,Periode Gajian,es_jeruk,Es Jeruk,10000,59,590000
03/25/2026,Rabu,3,0,3,13,Berawan,1,Periode Gajian,gorengan,Gorengan,2000,143,286000
03/26/2026,Kamis,4,0,3,13,Cerah,1,Periode Gajian,ayam_geprek,Ayam Geprek,18000,57,1026000
03/26/2026,Kamis,4,0,3,13,Cerah,1,Periode Gajian,nasi_goreng,Nasi Goreng,22000,47,1034000
03/26/2026,Kamis,4,0,3,13,Cerah,1,Periode Gajian,kopi_susu,Kopi Susu,16000,61,976000
03/26/2026,Kamis,4,0,3,13,Cerah,1,Periode Gajian,es_teh_manis,Es Teh Manis,8000,87,696000
03/26/2026,Kamis,4,0,3,13,Cerah,1,Periode Gajian,mie_goreng,Mie Goreng Spesial,15000,40,600000
03/26/2026,Kamis,4,0,3,13,Cerah,1,Periode Gajian,sate_ayam,Sate Ayam,25000,23,575000
03/26/2026,Kamis,4,0,3,13,Cerah,1,Periode Gajian,bakso_sapi,Bakso Sapi,15000,47,705000
03/26/2026,Kamis,4,0,3,13,Cerah,1,Periode Gajian,soto_ayam,Soto Ayam,18000,42,756000
03/26/2026,Kamis,4,0,3,13,Cerah,1,Periode Gajian,es_jeruk,Es Jeruk,10000,76,760000
03/26/2026,Kamis,4,0,3,13,Cerah,1,Periode Gajian,gorengan,Gorengan,2000,168,336000
03/27/2026,Jumat,5,0,3,13,Berawan,1,Periode Gajian,ayam_geprek,Ayam Geprek,18000,48,864000
03/27/2026,Jumat,5,0,3,13,Berawan,1,Periode Gajian,nasi_goreng,Nasi Goreng,22000,49,1078000
03/27/2026,Jumat,5,0,3,13,Berawan,1,Periode Gajian,kopi_susu,Kopi Susu,16000,53,848000
03/27/2026,Jumat,5,0,3,13,Berawan,1,Periode Gajian,es_teh_manis,Es Teh Manis,8000,79,632000
03/27/2026,Jumat,5,0,3,13,Berawan,1,Periode Gajian,mie_goreng,Mie Goreng Spesial,15000,36,540000
03/27/2026,Jumat,5,0,3,13,Berawan,1,Periode Gajian,sate_ayam,Sate Ayam,25000,23,575000
03/27/2026,Jumat,5,0,3,13,Berawan,1,Periode Gajian,bakso_sapi,Bakso Sapi,15000,45,675000
03/27/2026,Jumat,5,0,3,13,Berawan,1,Periode Gajian,soto_ayam,Soto Ayam,18000,37,666000
03/27/2026,Jumat,5,0,3,13,Berawan,1,Periode Gajian,es_jeruk,Es Jeruk,10000,65,650000
03/27/2026,Jumat,5,0,3,13,Berawan,1,Periode Gajian,gorengan,Gorengan,2000,158,316000
03/28/2026,Sabtu,6,1,3,13,Cerah,1,Periode Gajian,ayam_geprek,Ayam Geprek,18000,58,1044000
03/28/2026,Sabtu,6,1,3,13,Cerah,1,Periode Gajian,nasi_goreng,Nasi Goreng,22000,55,1210000
03/28/2026,Sabtu,6,1,3,13,Cerah,1,Periode Gajian,kopi_susu,Kopi Susu,16000,68,1088000
03/28/2026,Sabtu,6,1,3,13,Cerah,1,Periode Gajian,es_teh_manis,Es Teh Manis,8000,113,904000
03/28/2026,Sabtu,6,1,3,13,Cerah,1,Periode Gajian,mie_goreng,Mie Goreng Spesial,15000,48,720000
03/28/2026,Sabtu,6,1,3,13,Cerah,1,Periode Gajian,sate_ayam,Sate Ayam,25000,33,825000
03/28/2026,Sabtu,6,1,3,13,Cerah,1,Periode Gajian,bakso_sapi,Bakso Sapi,15000,57,855000
03/28/2026,Sabtu,6,1,3,13,Cerah,1,Periode Gajian,soto_ayam,Soto Ayam,18000,46,828000
03/28/2026,Sabtu,6,1,3,13,Cerah,1,Periode Gajian,es_jeruk,Es Jeruk,10000,93,930000
03/28/2026,Sabtu,6,1,3,13,Cerah,1,Periode Gajian,gorengan,Gorengan,2000,179,358000
03/29/2026,Minggu,7,1,3,13,Cerah,1,Periode Gajian,ayam_geprek,Ayam Geprek,18000,66,1188000
03/29/2026,Minggu,7,1,3,13,Cerah,1,Periode Gajian,nasi_goreng,Nasi Goreng,22000,54,1188000
03/29/2026,Minggu,7,1,3,13,Cerah,1,Periode Gajian,kopi_susu,Kopi Susu,16000,74,1184000
03/29/2026,Minggu,7,1,3,13,Cerah,1,Periode Gajian,es_teh_manis,Es Teh Manis,8000,115,920000
03/29/2026,Minggu,7,1,3,13,Cerah,1,Periode Gajian,mie_goreng,Mie Goreng Spesial,15000,50,750000
03/29/2026,Minggu,7,1,3,13,Cerah,1,Periode Gajian,sate_ayam,Sate Ayam,25000,34,850000
03/29/2026,Minggu,7,1,3,13,Cerah,1,Periode Gajian,bakso_sapi,Bakso Sapi,15000,54,810000
03/29/2026,Minggu,7,1,3,13,Cerah,1,Periode Gajian,soto_ayam,Soto Ayam,18000,45,810000
03/29/2026,Minggu,7,1,3,13,Cerah,1,Periode Gajian,es_jeruk,Es Jeruk,10000,91,910000
03/29/2026,Minggu,7,1,3,13,Cerah,1,Periode Gajian,gorengan,Gorengan,2000,182,364000
03/30/2026,Senin,1,0,3,14,Berawan,1,Periode Gajian,ayam_geprek,Ayam Geprek,18000,54,972000
03/30/2026,Senin,1,0,3,14,Berawan,1,Periode Gajian,nasi_goreng,Nasi Goreng,22000,47,1034000
03/30/2026,Senin,1,0,3,14,Berawan,1,Periode Gajian,kopi_susu,Kopi Susu,16000,57,912000
03/30/2026,Senin,1,0,3,14,Berawan,1,Periode Gajian,es_teh_manis,Es Teh Manis,8000,73,584000
03/30/2026,Senin,1,0,3,14,Berawan,1,Periode Gajian,mie_goreng,Mie Goreng Spesial,15000,38,570000
03/30/2026,Senin,1,0,3,14,Berawan,1,Periode Gajian,sate_ayam,Sate Ayam,25000,24,600000
03/30/2026,Senin,1,0,3,14,Berawan,1,Periode Gajian,bakso_sapi,Bakso Sapi,15000,49,735000
03/30/2026,Senin,1,0,3,14,Berawan,1,Periode Gajian,soto_ayam,Soto Ayam,18000,38,684000
03/30/2026,Senin,1,0,3,14,Berawan,1,Periode Gajian,es_jeruk,Es Jeruk,10000,61,610000
03/30/2026,Senin,1,0,3,14,Berawan,1,Periode Gajian,gorengan,Gorengan,2000,141,282000
03/31/2026,Selasa,2,0,3,14,Berawan,1,Periode Gajian,ayam_geprek,Ayam Geprek,18000,53,954000
03/31/2026,Selasa,2,0,3,14,Berawan,1,Periode Gajian,nasi_goreng,Nasi Goreng,22000,44,968000
03/31/2026,Selasa,2,0,3,14,Berawan,1,Periode Gajian,kopi_susu,Kopi Susu,16000,53,848000
03/31/2026,Selasa,2,0,3,14,Berawan,1,Periode Gajian,es_teh_manis,Es Teh Manis,8000,77,616000
03/31/2026,Selasa,2,0,3,14,Berawan,1,Periode Gajian,mie_goreng,Mie Goreng Spesial,15000,38,570000
03/31/2026,Selasa,2,0,3,14,Berawan,1,Periode Gajian,sate_ayam,Sate Ayam,25000,27,675000
03/31/2026,Selasa,2,0,3,14,Berawan,1,Periode Gajian,bakso_sapi,Bakso Sapi,15000,46,690000
03/31/2026,Selasa,2,0,3,14,Berawan,1,Periode Gajian,soto_ayam,Soto Ayam,18000,38,684000
03/31/2026,Selasa,2,0,3,14,Berawan,1,Periode Gajian,es_jeruk,Es Jeruk,10000,61,610000
03/31/2026,Selasa,2,0,3,14,Berawan,1,Periode Gajian,gorengan,Gorengan,2000,171,342000
04/01/2026,Rabu,3,0,4,14,Berawan,1,Periode Gajian,ayam_geprek,Ayam Geprek,18000,54,972000
04/01/2026,Rabu,3,0,4,14,Berawan,1,Periode Gajian,nasi_goreng,Nasi Goreng,22000,42,924000
04/01/2026,Rabu,3,0,4,14,Berawan,1,Periode Gajian,kopi_susu,Kopi Susu,16000,58,928000
04/01/2026,Rabu,3,0,4,14,Berawan,1,Periode Gajian,es_teh_manis,Es Teh Manis,8000,71,568000
04/01/2026,Rabu,3,0,4,14,Berawan,1,Periode Gajian,mie_goreng,Mie Goreng Spesial,15000,39,585000
04/01/2026,Rabu,3,0,4,14,Berawan,1,Periode Gajian,sate_ayam,Sate Ayam,25000,28,700000
04/01/2026,Rabu,3,0,4,14,Berawan,1,Periode Gajian,bakso_sapi,Bakso Sapi,15000,44,660000
04/01/2026,Rabu,3,0,4,14,Berawan,1,Periode Gajian,soto_ayam,Soto Ayam,18000,35,630000
04/01/2026,Rabu,3,0,4,14,Berawan,1,Periode Gajian,es_jeruk,Es Jeruk,10000,59,590000
04/01/2026,Rabu,3,0,4,14,Berawan,1,Periode Gajian,gorengan,Gorengan,2000,153,306000
04/02/2026,Kamis,4,0,4,14,Cerah,1,Periode Gajian,ayam_geprek,Ayam Geprek,18000,47,846000
04/02/2026,Kamis,4,0,4,14,Cerah,1,Periode Gajian,nasi_goreng,Nasi Goreng,22000,48,1056000
04/02/2026,Kamis,4,0,4,14,Cerah,1,Periode Gajian,kopi_susu,Kopi Susu,16000,58,928000
04/02/2026,Kamis,4,0,4,14,Cerah,1,Periode Gajian,es_teh_manis,Es Teh Manis,8000,86,688000
04/02/2026,Kamis,4,0,4,14,Cerah,1,Periode Gajian,mie_goreng,Mie Goreng Spesial,15000,42,630000
04/02/2026,Kamis,4,0,4,14,Cerah,1,Periode Gajian,sate_ayam,Sate Ayam,25000,24,600000
04/02/2026,Kamis,4,0,4,14,Cerah,1,Periode Gajian,bakso_sapi,Bakso Sapi,15000,50,750000
04/02/2026,Kamis,4,0,4,14,Cerah,1,Periode Gajian,soto_ayam,Soto Ayam,18000,38,684000
04/02/2026,Kamis,4,0,4,14,Cerah,1,Periode Gajian,es_jeruk,Es Jeruk,10000,81,810000
04/02/2026,Kamis,4,0,4,14,Cerah,1,Periode Gajian,gorengan,Gorengan,2000,159,318000
04/03/2026,Jumat,5,0,4,14,Hujan,1,Promo Jumat Berkah,ayam_geprek,Ayam Geprek,18000,44,792000
04/03/2026,Jumat,5,0,4,14,Hujan,1,Promo Jumat Berkah,nasi_goreng,Nasi Goreng,22000,44,968000
04/03/2026,Jumat,5,0,4,14,Hujan,1,Promo Jumat Berkah,kopi_susu,Kopi Susu,16000,40,640000
04/03/2026,Jumat,5,0,4,14,Hujan,1,Promo Jumat Berkah,es_teh_manis,Es Teh Manis,8000,54,432000
04/03/2026,Jumat,5,0,4,14,Hujan,1,Promo Jumat Berkah,mie_goreng,Mie Goreng Spesial,15000,33,495000
04/03/2026,Jumat,5,0,4,14,Hujan,1,Promo Jumat Berkah,sate_ayam,Sate Ayam,25000,23,575000
04/03/2026,Jumat,5,0,4,14,Hujan,1,Promo Jumat Berkah,bakso_sapi,Bakso Sapi,15000,43,645000
04/03/2026,Jumat,5,0,4,14,Hujan,1,Promo Jumat Berkah,soto_ayam,Soto Ayam,18000,40,720000
04/03/2026,Jumat,5,0,4,14,Hujan,1,Promo Jumat Berkah,es_jeruk,Es Jeruk,10000,46,460000
04/03/2026,Jumat,5,0,4,14,Hujan,1,Promo Jumat Berkah,gorengan,Gorengan,2000,167,334000
04/04/2026,Sabtu,6,1,4,14,Hujan,0,,ayam_geprek,Ayam Geprek,18000,47,846000
04/04/2026,Sabtu,6,1,4,14,Hujan,0,,nasi_goreng,Nasi Goreng,22000,40,880000
04/04/2026,Sabtu,6,1,4,14,Hujan,0,,kopi_susu,Kopi Susu,16000,41,656000
04/04/2026,Sabtu,6,1,4,14,Hujan,0,,es_teh_manis,Es Teh Manis,8000,54,432000
04/04/2026,Sabtu,6,1,4,14,Hujan,0,,mie_goreng,Mie Goreng Spesial,15000,33,495000
04/04/2026,Sabtu,6,1,4,14,Hujan,0,,sate_ayam,Sate Ayam,25000,23,575000
04/04/2026,Sabtu,6,1,4,14,Hujan,0,,bakso_sapi,Bakso Sapi,15000,46,690000
04/04/2026,Sabtu,6,1,4,14,Hujan,0,,soto_ayam,Soto Ayam,18000,45,810000
04/04/2026,Sabtu,6,1,4,14,Hujan,0,,es_jeruk,Es Jeruk,10000,49,490000
04/04/2026,Sabtu,6,1,4,14,Hujan,0,,gorengan,Gorengan,2000,161,322000
04/05/2026,Minggu,7,1,4,14,Berawan,0,,ayam_geprek,Ayam Geprek,18000,45,810000
04/05/2026,Minggu,7,1,4,14,Berawan,0,,nasi_goreng,Nasi Goreng,22000,42,924000
04/05/2026,Minggu,7,1,4,14,Berawan,0,,kopi_susu,Kopi Susu,16000,55,880000
04/05/2026,Minggu,7,1,4,14,Berawan,0,,es_teh_manis,Es Teh Manis,8000,72,576000
04/05/2026,Minggu,7,1,4,14,Berawan,0,,mie_goreng,Mie Goreng Spesial,15000,35,525000
04/05/2026,Minggu,7,1,4,14,Berawan,0,,sate_ayam,Sate Ayam,25000,26,650000
04/05/2026,Minggu,7,1,4,14,Berawan,0,,bakso_sapi,Bakso Sapi,15000,45,675000
04/05/2026,Minggu,7,1,4,14,Berawan,0,,soto_ayam,Soto Ayam,18000,37,666000
04/05/2026,Minggu,7,1,4,14,Berawan,0,,es_jeruk,Es Jeruk,10000,61,610000
04/05/2026,Minggu,7,1,4,14,Berawan,0,,gorengan,Gorengan,2000,147,294000
04/06/2026,Senin,1,0,4,15,Cerah,0,,ayam_geprek,Ayam Geprek,18000,39,702000
04/06/2026,Senin,1,0,4,15,Cerah,0,,nasi_goreng,Nasi Goreng,22000,32,704000
04/06/2026,Senin,1,0,4,15,Cerah,0,,kopi_susu,Kopi Susu,16000,45,720000
04/06/2026,Senin,1,0,4,15,Cerah,0,,es_teh_manis,Es Teh Manis,8000,70,560000
04/06/2026,Senin,1,0,4,15,Cerah,0,,mie_goreng,Mie Goreng Spesial,15000,28,420000
04/06/2026,Senin,1,0,4,15,Cerah,0,,sate_ayam,Sate Ayam,25000,22,550000
04/06/2026,Senin,1,0,4,15,Cerah,0,,bakso_sapi,Bakso Sapi,15000,38,570000
04/06/2026,Senin,1,0,4,15,Cerah,0,,soto_ayam,Soto Ayam,18000,31,558000
04/06/2026,Senin,1,0,4,15,Cerah,0,,es_jeruk,Es Jeruk,10000,58,580000
04/06/2026,Senin,1,0,4,15,Cerah,0,,gorengan,Gorengan,2000,129,258000
04/07/2026,Selasa,2,0,4,15,Cerah,0,,ayam_geprek,Ayam Geprek,18000,42,756000
04/07/2026,Selasa,2,0,4,15,Cerah,0,,nasi_goreng,Nasi Goreng,22000,32,704000
04/07/2026,Selasa,2,0,4,15,Cerah,0,,kopi_susu,Kopi Susu,16000,48,768000
04/07/2026,Selasa,2,0,4,15,Cerah,0,,es_teh_manis,Es Teh Manis,8000,66,528000
04/07/2026,Selasa,2,0,4,15,Cerah,0,,mie_goreng,Mie Goreng Spesial,15000,32,480000
04/07/2026,Selasa,2,0,4,15,Cerah,0,,sate_ayam,Sate Ayam,25000,22,550000
04/07/2026,Selasa,2,0,4,15,Cerah,0,,bakso_sapi,Bakso Sapi,15000,33,495000
04/07/2026,Selasa,2,0,4,15,Cerah,0,,soto_ayam,Soto Ayam,18000,30,540000
04/07/2026,Selasa,2,0,4,15,Cerah,0,,es_jeruk,Es Jeruk,10000,63,630000
04/07/2026,Selasa,2,0,4,15,Cerah,0,,gorengan,Gorengan,2000,120,240000
04/08/2026,Rabu,3,0,4,15,Hujan,0,,ayam_geprek,Ayam Geprek,18000,41,738000
04/08/2026,Rabu,3,0,4,15,Hujan,0,,nasi_goreng,Nasi Goreng,22000,34,748000
04/08/2026,Rabu,3,0,4,15,Hujan,0,,kopi_susu,Kopi Susu,16000,34,544000
04/08/2026,Rabu,3,0,4,15,Hujan,0,,es_teh_manis,Es Teh Manis,8000,45,360000
04/08/2026,Rabu,3,0,4,15,Hujan,0,,mie_goreng,Mie Goreng Spesial,15000,32,480000
04/08/2026,Rabu,3,0,4,15,Hujan,0,,sate_ayam,Sate Ayam,25000,20,500000
04/08/2026,Rabu,3,0,4,15,Hujan,0,,bakso_sapi,Bakso Sapi,15000,40,600000
04/08/2026,Rabu,3,0,4,15,Hujan,0,,soto_ayam,Soto Ayam,18000,34,612000
04/08/2026,Rabu,3,0,4,15,Hujan,0,,es_jeruk,Es Jeruk,10000,41,410000
04/08/2026,Rabu,3,0,4,15,Hujan,0,,gorengan,Gorengan,2000,148,296000
04/09/2026,Kamis,4,0,4,15,Hujan,0,,ayam_geprek,Ayam Geprek,18000,39,702000
04/09/2026,Kamis,4,0,4,15,Hujan,0,,nasi_goreng,Nasi Goreng,22000,37,814000
04/09/2026,Kamis,4,0,4,15,Hujan,0,,kopi_susu,Kopi Susu,16000,38,608000
04/09/2026,Kamis,4,0,4,15,Hujan,0,,es_teh_manis,Es Teh Manis,8000,49,392000
04/09/2026,Kamis,4,0,4,15,Hujan,0,,mie_goreng,Mie Goreng Spesial,15000,33,495000
04/09/2026,Kamis,4,0,4,15,Hujan,0,,sate_ayam,Sate Ayam,25000,19,475000
04/09/2026,Kamis,4,0,4,15,Hujan,0,,bakso_sapi,Bakso Sapi,15000,37,555000
04/09/2026,Kamis,4,0,4,15,Hujan,0,,soto_ayam,Soto Ayam,18000,37,666000
04/09/2026,Kamis,4,0,4,15,Hujan,0,,es_jeruk,Es Jeruk,10000,40,400000
04/09/2026,Kamis,4,0,4,15,Hujan,0,,gorengan,Gorengan,2000,148,296000
04/10/2026,Jumat,5,0,4,15,Hujan,0,,ayam_geprek,Ayam Geprek,18000,43,774000
04/10/2026,Jumat,5,0,4,15,Hujan,0,,nasi_goreng,Nasi Goreng,22000,35,770000
04/10/2026,Jumat,5,0,4,15,Hujan,0,,kopi_susu,Kopi Susu,16000,36,576000
04/10/2026,Jumat,5,0,4,15,Hujan,0,,es_teh_manis,Es Teh Manis,8000,49,392000
04/10/2026,Jumat,5,0,4,15,Hujan,0,,mie_goreng,Mie Goreng Spesial,15000,33,495000
04/10/2026,Jumat,5,0,4,15,Hujan,0,,sate_ayam,Sate Ayam,25000,18,450000
04/10/2026,Jumat,5,0,4,15,Hujan,0,,bakso_sapi,Bakso Sapi,15000,40,600000
04/10/2026,Jumat,5,0,4,15,Hujan,0,,soto_ayam,Soto Ayam,18000,36,648000
04/10/2026,Jumat,5,0,4,15,Hujan,0,,es_jeruk,Es Jeruk,10000,42,420000
04/10/2026,Jumat,5,0,4,15,Hujan,0,,gorengan,Gorengan,2000,143,286000
04/11/2026,Sabtu,6,1,4,15,Cerah,0,,ayam_geprek,Ayam Geprek,18000,46,828000
04/11/2026,Sabtu,6,1,4,15,Cerah,0,,nasi_goreng,Nasi Goreng,22000,41,902000
04/11/2026,Sabtu,6,1,4,15,Cerah,0,,kopi_susu,Kopi Susu,16000,57,912000
04/11/2026,Sabtu,6,1,4,15,Cerah,0,,es_teh_manis,Es Teh Manis,8000,79,632000
04/11/2026,Sabtu,6,1,4,15,Cerah,0,,mie_goreng,Mie Goreng Spesial,15000,34,510000
04/11/2026,Sabtu,6,1,4,15,Cerah,0,,sate_ayam,Sate Ayam,25000,26,650000
04/11/2026,Sabtu,6,1,4,15,Cerah,0,,bakso_sapi,Bakso Sapi,15000,38,570000
04/11/2026,Sabtu,6,1,4,15,Cerah,0,,soto_ayam,Soto Ayam,18000,40,720000
04/11/2026,Sabtu,6,1,4,15,Cerah,0,,es_jeruk,Es Jeruk,10000,71,710000
04/11/2026,Sabtu,6,1,4,15,Cerah,0,,gorengan,Gorengan,2000,153,306000
04/12/2026,Minggu,7,1,4,15,Cerah,0,,ayam_geprek,Ayam Geprek,18000,43,774000
04/12/2026,Minggu,7,1,4,15,Cerah,0,,nasi_goreng,Nasi Goreng,22000,44,968000
04/12/2026,Minggu,7,1,4,15,Cerah,0,,kopi_susu,Kopi Susu,16000,58,928000
04/12/2026,Minggu,7,1,4,15,Cerah,0,,es_teh_manis,Es Teh Manis,8000,87,696000
04/12/2026,Minggu,7,1,4,15,Cerah,0,,mie_goreng,Mie Goreng Spesial,15000,33,495000
04/12/2026,Minggu,7,1,4,15,Cerah,0,,sate_ayam,Sate Ayam,25000,25,625000
04/12/2026,Minggu,7,1,4,15,Cerah,0,,bakso_sapi,Bakso Sapi,15000,44,660000
04/12/2026,Minggu,7,1,4,15,Cerah,0,,soto_ayam,Soto Ayam,18000,37,666000
04/12/2026,Minggu,7,1,4,15,Cerah,0,,es_jeruk,Es Jeruk,10000,73,730000
04/12/2026,Minggu,7,1,4,15,Cerah,0,,gorengan,Gorengan,2000,154,308000
04/13/2026,Senin,1,0,4,16,Berawan,0,,ayam_geprek,Ayam Geprek,18000,37,666000
04/13/2026,Senin,1,0,4,16,Berawan,0,,nasi_goreng,Nasi Goreng,22000,35,770000
04/13/2026,Senin,1,0,4,16,Berawan,0,,kopi_susu,Kopi Susu,16000,41,656000
04/13/2026,Senin,1,0,4,16,Berawan,0,,es_teh_manis,Es Teh Manis,8000,59,472000
04/13/2026,Senin,1,0,4,16,Berawan,0,,mie_goreng,Mie Goreng Spesial,15000,29,435000
04/13/2026,Senin,1,0,4,16,Berawan,0,,sate_ayam,Sate Ayam,25000,18,450000
04/13/2026,Senin,1,0,4,16,Berawan,0,,bakso_sapi,Bakso Sapi,15000,34,510000
04/13/2026,Senin,1,0,4,16,Berawan,0,,soto_ayam,Soto Ayam,18000,28,504000
04/13/2026,Senin,1,0,4,16,Berawan,0,,es_jeruk,Es Jeruk,10000,53,530000
04/13/2026,Senin,1,0,4,16,Berawan,0,,gorengan,Gorengan,2000,131,262000
04/14/2026,Selasa,2,0,4,16,Cerah,0,,ayam_geprek,Ayam Geprek,18000,44,792000
04/14/2026,Selasa,2,0,4,16,Cerah,0,,nasi_goreng,Nasi Goreng,22000,35,770000
04/14/2026,Selasa,2,0,4,16,Cerah,0,,kopi_susu,Kopi Susu,16000,43,688000
04/14/2026,Selasa,2,0,4,16,Cerah,0,,es_teh_manis,Es Teh Manis,8000,63,504000
04/14/2026,Selasa,2,0,4,16,Cerah,0,,mie_goreng,Mie Goreng Spesial,15000,30,450000
04/14/2026,Selasa,2,0,4,16,Cerah,0,,sate_ayam,Sate Ayam,25000,21,525000
04/14/2026,Selasa,2,0,4,16,Cerah,0,,bakso_sapi,Bakso Sapi,15000,36,540000
04/14/2026,Selasa,2,0,4,16,Cerah,0,,soto_ayam,Soto Ayam,18000,27,486000
04/14/2026,Selasa,2,0,4,16,Cerah,0,,es_jeruk,Es Jeruk,10000,53,530000
04/14/2026,Selasa,2,0,4,16,Cerah,0,,gorengan,Gorengan,2000,118,236000
04/15/2026,Rabu,3,0,4,16,Cerah,0,,ayam_geprek,Ayam Geprek,18000,38,684000
04/15/2026,Rabu,3,0,4,16,Cerah,0,,nasi_goreng,Nasi Goreng,22000,33,726000
04/15/2026,Rabu,3,0,4,16,Cerah,0,,kopi_susu,Kopi Susu,16000,48,768000
04/15/2026,Rabu,3,0,4,16,Cerah,0,,es_teh_manis,Es Teh Manis,8000,75,600000
04/15/2026,Rabu,3,0,4,16,Cerah,0,,mie_goreng,Mie Goreng Spesial,15000,29,435000
04/15/2026,Rabu,3,0,4,16,Cerah,0,,sate_ayam,Sate Ayam,25000,22,550000
04/15/2026,Rabu,3,0,4,16,Cerah,0,,bakso_sapi,Bakso Sapi,15000,34,510000
04/15/2026,Rabu,3,0,4,16,Cerah,0,,soto_ayam,Soto Ayam,18000,30,540000
04/15/2026,Rabu,3,0,4,16,Cerah,0,,es_jeruk,Es Jeruk,10000,54,540000
04/15/2026,Rabu,3,0,4,16,Cerah,0,,gorengan,Gorengan,2000,123,246000
04/16/2026,Kamis,4,0,4,16,Hujan,0,,ayam_geprek,Ayam Geprek,18000,41,738000
04/16/2026,Kamis,4,0,4,16,Hujan,0,,nasi_goreng,Nasi Goreng,22000,34,748000
04/16/2026,Kamis,4,0,4,16,Hujan,0,,kopi_susu,Kopi Susu,16000,37,592000
04/16/2026,Kamis,4,0,4,16,Hujan,0,,es_teh_manis,Es Teh Manis,8000,44,352000
04/16/2026,Kamis,4,0,4,16,Hujan,0,,mie_goreng,Mie Goreng Spesial,15000,32,480000
04/16/2026,Kamis,4,0,4,16,Hujan,0,,sate_ayam,Sate Ayam,25000,20,500000
04/16/2026,Kamis,4,0,4,16,Hujan,0,,bakso_sapi,Bakso Sapi,15000,40,600000
04/16/2026,Kamis,4,0,4,16,Hujan,0,,soto_ayam,Soto Ayam,18000,35,630000
04/16/2026,Kamis,4,0,4,16,Hujan,0,,es_jeruk,Es Jeruk,10000,41,410000
04/16/2026,Kamis,4,0,4,16,Hujan,0,,gorengan,Gorengan,2000,126,252000
04/17/2026,Jumat,5,0,4,16,Berawan,0,,ayam_geprek,Ayam Geprek,18000,42,756000
04/17/2026,Jumat,5,0,4,16,Berawan,0,,nasi_goreng,Nasi Goreng,22000,37,814000
04/17/2026,Jumat,5,0,4,16,Berawan,0,,kopi_susu,Kopi Susu,16000,48,768000
04/17/2026,Jumat,5,0,4,16,Berawan,0,,es_teh_manis,Es Teh Manis,8000,61,488000
04/17/2026,Jumat,5,0,4,16,Berawan,0,,mie_goreng,Mie Goreng Spesial,15000,30,450000
04/17/2026,Jumat,5,0,4,16,Berawan,0,,sate_ayam,Sate Ayam,25000,19,475000
04/17/2026,Jumat,5,0,4,16,Berawan,0,,bakso_sapi,Bakso Sapi,15000,37,555000
04/17/2026,Jumat,5,0,4,16,Berawan,0,,soto_ayam,Soto Ayam,18000,29,522000
04/17/2026,Jumat,5,0,4,16,Berawan,0,,es_jeruk,Es Jeruk,10000,50,500000
04/17/2026,Jumat,5,0,4,16,Berawan,0,,gorengan,Gorengan,2000,115,230000
04/18/2026,Sabtu,6,1,4,16,Cerah,0,,ayam_geprek,Ayam Geprek,18000,49,882000
04/18/2026,Sabtu,6,1,4,16,Cerah,0,,nasi_goreng,Nasi Goreng,22000,38,836000
04/18/2026,Sabtu,6,1,4,16,Cerah,0,,kopi_susu,Kopi Susu,16000,57,912000
04/18/2026,Sabtu,6,1,4,16,Cerah,0,,es_teh_manis,Es Teh Manis,8000,80,640000
04/18/2026,Sabtu,6,1,4,16,Cerah,0,,mie_goreng,Mie Goreng Spesial,15000,32,480000
04/18/2026,Sabtu,6,1,4,16,Cerah,0,,sate_ayam,Sate Ayam,25000,24,600000
04/18/2026,Sabtu,6,1,4,16,Cerah,0,,bakso_sapi,Bakso Sapi,15000,38,570000
04/18/2026,Sabtu,6,1,4,16,Cerah,0,,soto_ayam,Soto Ayam,18000,34,612000
04/18/2026,Sabtu,6,1,4,16,Cerah,0,,es_jeruk,Es Jeruk,10000,72,720000
04/18/2026,Sabtu,6,1,4,16,Cerah,0,,gorengan,Gorengan,2000,131,262000
04/19/2026,Minggu,7,1,4,16,Hujan,0,,ayam_geprek,Ayam Geprek,18000,43,774000
04/19/2026,Minggu,7,1,4,16,Hujan,0,,nasi_goreng,Nasi Goreng,22000,40,880000
04/19/2026,Minggu,7,1,4,16,Hujan,0,,kopi_susu,Kopi Susu,16000,45,720000
04/19/2026,Minggu,7,1,4,16,Hujan,0,,es_teh_manis,Es Teh Manis,8000,55,440000
04/19/2026,Minggu,7,1,4,16,Hujan,0,,mie_goreng,Mie Goreng Spesial,15000,33,495000
04/19/2026,Minggu,7,1,4,16,Hujan,0,,sate_ayam,Sate Ayam,25000,23,575000
04/19/2026,Minggu,7,1,4,16,Hujan,0,,bakso_sapi,Bakso Sapi,15000,46,690000
04/19/2026,Minggu,7,1,4,16,Hujan,0,,soto_ayam,Soto Ayam,18000,44,792000
04/19/2026,Minggu,7,1,4,16,Hujan,0,,es_jeruk,Es Jeruk,10000,46,460000
04/19/2026,Minggu,7,1,4,16,Hujan,0,,gorengan,Gorengan,2000,175,350000
04/20/2026,Senin,1,0,4,17,Hujan,0,,ayam_geprek,Ayam Geprek,18000,39,702000
04/20/2026,Senin,1,0,4,17,Hujan,0,,nasi_goreng,Nasi Goreng,22000,38,836000
04/20/2026,Senin,1,0,4,17,Hujan,0,,kopi_susu,Kopi Susu,16000,35,560000
04/20/2026,Senin,1,0,4,17,Hujan,0,,es_teh_manis,Es Teh Manis,8000,52,416000
04/20/2026,Senin,1,0,4,17,Hujan,0,,mie_goreng,Mie Goreng Spesial,15000,28,420000
04/20/2026,Senin,1,0,4,17,Hujan,0,,sate_ayam,Sate Ayam,25000,21,525000
04/20/2026,Senin,1,0,4,17,Hujan,0,,bakso_sapi,Bakso Sapi,15000,40,600000
04/20/2026,Senin,1,0,4,17,Hujan,0,,soto_ayam,Soto Ayam,18000,34,612000
04/20/2026,Senin,1,0,4,17,Hujan,0,,es_jeruk,Es Jeruk,10000,41,410000
04/20/2026,Senin,1,0,4,17,Hujan,0,,gorengan,Gorengan,2000,144,288000
04/21/2026,Selasa,2,0,4,17,Cerah,0,,ayam_geprek,Ayam Geprek,18000,37,666000
04/21/2026,Selasa,2,0,4,17,Cerah,0,,nasi_goreng,Nasi Goreng,22000,36,792000
04/21/2026,Selasa,2,0,4,17,Cerah,0,,kopi_susu,Kopi Susu,16000,46,736000
04/21/2026,Selasa,2,0,4,17,Cerah,0,,es_teh_manis,Es Teh Manis,8000,75,600000
04/21/2026,Selasa,2,0,4,17,Cerah,0,,mie_goreng,Mie Goreng Spesial,15000,32,480000
04/21/2026,Selasa,2,0,4,17,Cerah,0,,sate_ayam,Sate Ayam,25000,22,550000
04/21/2026,Selasa,2,0,4,17,Cerah,0,,bakso_sapi,Bakso Sapi,15000,36,540000
04/21/2026,Selasa,2,0,4,17,Cerah,0,,soto_ayam,Soto Ayam,18000,29,522000
04/21/2026,Selasa,2,0,4,17,Cerah,0,,es_jeruk,Es Jeruk,10000,53,530000
04/21/2026,Selasa,2,0,4,17,Cerah,0,,gorengan,Gorengan,2000,127,254000
04/22/2026,Rabu,3,0,4,17,Berawan,0,,ayam_geprek,Ayam Geprek,18000,36,648000
04/22/2026,Rabu,3,0,4,17,Berawan,0,,nasi_goreng,Nasi Goreng,22000,34,748000
04/22/2026,Rabu,3,0,4,17,Berawan,0,,kopi_susu,Kopi Susu,16000,49,784000
04/22/2026,Rabu,3,0,4,17,Berawan,0,,es_teh_manis,Es Teh Manis,8000,60,480000
04/22/2026,Rabu,3,0,4,17,Berawan,0,,mie_goreng,Mie Goreng Spesial,15000,30,450000
04/22/2026,Rabu,3,0,4,17,Berawan,0,,sate_ayam,Sate Ayam,25000,20,500000
04/22/2026,Rabu,3,0,4,17,Berawan,0,,bakso_sapi,Bakso Sapi,15000,33,495000
04/22/2026,Rabu,3,0,4,17,Berawan,0,,soto_ayam,Soto Ayam,18000,29,522000
04/22/2026,Rabu,3,0,4,17,Berawan,0,,es_jeruk,Es Jeruk,10000,49,490000
04/22/2026,Rabu,3,0,4,17,Berawan,0,,gorengan,Gorengan,2000,109,218000
04/23/2026,Kamis,4,0,4,17,Berawan,0,,ayam_geprek,Ayam Geprek,18000,39,702000
04/23/2026,Kamis,4,0,4,17,Berawan,0,,nasi_goreng,Nasi Goreng,22000,37,814000
04/23/2026,Kamis,4,0,4,17,Berawan,0,,kopi_susu,Kopi Susu,16000,48,768000
04/23/2026,Kamis,4,0,4,17,Berawan,0,,es_teh_manis,Es Teh Manis,8000,57,456000
04/23/2026,Kamis,4,0,4,17,Berawan,0,,mie_goreng,Mie Goreng Spesial,15000,31,465000
04/23/2026,Kamis,4,0,4,17,Berawan,0,,sate_ayam,Sate Ayam,25000,20,500000
04/23/2026,Kamis,4,0,4,17,Berawan,0,,bakso_sapi,Bakso Sapi,15000,38,570000
04/23/2026,Kamis,4,0,4,17,Berawan,0,,soto_ayam,Soto Ayam,18000,28,504000
04/23/2026,Kamis,4,0,4,17,Berawan,0,,es_jeruk,Es Jeruk,10000,52,520000
04/23/2026,Kamis,4,0,4,17,Berawan,0,,gorengan,Gorengan,2000,123,246000
04/24/2026,Jumat,5,0,4,17,Cerah,0,,ayam_geprek,Ayam Geprek,18000,41,738000
04/24/2026,Jumat,5,0,4,17,Cerah,0,,nasi_goreng,Nasi Goreng,22000,37,814000
04/24/2026,Jumat,5,0,4,17,Cerah,0,,kopi_susu,Kopi Susu,16000,43,688000
04/24/2026,Jumat,5,0,4,17,Cerah,0,,es_teh_manis,Es Teh Manis,8000,71,568000
04/24/2026,Jumat,5,0,4,17,Cerah,0,,mie_goreng,Mie Goreng Spesial,15000,29,435000
04/24/2026,Jumat,5,0,4,17,Cerah,0,,sate_ayam,Sate Ayam,25000,21,525000
04/24/2026,Jumat,5,0,4,17,Cerah,0,,bakso_sapi,Bakso Sapi,15000,33,495000
04/24/2026,Jumat,5,0,4,17,Cerah,0,,soto_ayam,Soto Ayam,18000,32,576000
04/24/2026,Jumat,5,0,4,17,Cerah,0,,es_jeruk,Es Jeruk,10000,55,550000
04/24/2026,Jumat,5,0,4,17,Cerah,0,,gorengan,Gorengan,2000,117,234000
04/25/2026,Sabtu,6,1,4,17,Cerah,1,Periode Gajian,ayam_geprek,Ayam Geprek,18000,58,1044000
04/25/2026,Sabtu,6,1,4,17,Cerah,1,Periode Gajian,nasi_goreng,Nasi Goreng,22000,55,1210000
04/25/2026,Sabtu,6,1,4,17,Cerah,1,Periode Gajian,kopi_susu,Kopi Susu,16000,67,1072000
04/25/2026,Sabtu,6,1,4,17,Cerah,1,Periode Gajian,es_teh_manis,Es Teh Manis,8000,115,920000
04/25/2026,Sabtu,6,1,4,17,Cerah,1,Periode Gajian,mie_goreng,Mie Goreng Spesial,15000,42,630000
04/25/2026,Sabtu,6,1,4,17,Cerah,1,Periode Gajian,sate_ayam,Sate Ayam,25000,30,750000
04/25/2026,Sabtu,6,1,4,17,Cerah,1,Periode Gajian,bakso_sapi,Bakso Sapi,15000,53,795000
04/25/2026,Sabtu,6,1,4,17,Cerah,1,Periode Gajian,soto_ayam,Soto Ayam,18000,42,756000
04/25/2026,Sabtu,6,1,4,17,Cerah,1,Periode Gajian,es_jeruk,Es Jeruk,10000,83,830000
04/25/2026,Sabtu,6,1,4,17,Cerah,1,Periode Gajian,gorengan,Gorengan,2000,184,368000
04/26/2026,Minggu,7,1,4,17,Berawan,1,Periode Gajian,ayam_geprek,Ayam Geprek,18000,61,1098000
04/26/2026,Minggu,7,1,4,17,Berawan,1,Periode Gajian,nasi_goreng,Nasi Goreng,22000,55,1210000
04/26/2026,Minggu,7,1,4,17,Berawan,1,Periode Gajian,kopi_susu,Kopi Susu,16000,72,1152000
04/26/2026,Minggu,7,1,4,17,Berawan,1,Periode Gajian,es_teh_manis,Es Teh Manis,8000,84,672000
04/26/2026,Minggu,7,1,4,17,Berawan,1,Periode Gajian,mie_goreng,Mie Goreng Spesial,15000,46,690000
04/26/2026,Minggu,7,1,4,17,Berawan,1,Periode Gajian,sate_ayam,Sate Ayam,25000,34,850000
04/26/2026,Minggu,7,1,4,17,Berawan,1,Periode Gajian,bakso_sapi,Bakso Sapi,15000,55,825000
04/26/2026,Minggu,7,1,4,17,Berawan,1,Periode Gajian,soto_ayam,Soto Ayam,18000,48,864000
04/26/2026,Minggu,7,1,4,17,Berawan,1,Periode Gajian,es_jeruk,Es Jeruk,10000,75,750000
04/26/2026,Minggu,7,1,4,17,Berawan,1,Periode Gajian,gorengan,Gorengan,2000,197,394000
04/27/2026,Senin,1,0,4,18,Berawan,1,Periode Gajian,ayam_geprek,Ayam Geprek,18000,52,936000
04/27/2026,Senin,1,0,4,18,Berawan,1,Periode Gajian,nasi_goreng,Nasi Goreng,22000,50,1100000
04/27/2026,Senin,1,0,4,18,Berawan,1,Periode Gajian,kopi_susu,Kopi Susu,16000,54,864000
04/27/2026,Senin,1,0,4,18,Berawan,1,Periode Gajian,es_teh_manis,Es Teh Manis,8000,70,560000
04/27/2026,Senin,1,0,4,18,Berawan,1,Periode Gajian,mie_goreng,Mie Goreng Spesial,15000,41,615000
04/27/2026,Senin,1,0,4,18,Berawan,1,Periode Gajian,sate_ayam,Sate Ayam,25000,28,700000
04/27/2026,Senin,1,0,4,18,Berawan,1,Periode Gajian,bakso_sapi,Bakso Sapi,15000,42,630000
04/27/2026,Senin,1,0,4,18,Berawan,1,Periode Gajian,soto_ayam,Soto Ayam,18000,37,666000
04/27/2026,Senin,1,0,4,18,Berawan,1,Periode Gajian,es_jeruk,Es Jeruk,10000,59,590000
04/27/2026,Senin,1,0,4,18,Berawan,1,Periode Gajian,gorengan,Gorengan,2000,150,300000
04/28/2026,Selasa,2,0,4,18,Berawan,1,Periode Gajian,ayam_geprek,Ayam Geprek,18000,52,936000
04/28/2026,Selasa,2,0,4,18,Berawan,1,Periode Gajian,nasi_goreng,Nasi Goreng,22000,44,968000
04/28/2026,Selasa,2,0,4,18,Berawan,1,Periode Gajian,kopi_susu,Kopi Susu,16000,57,912000
04/28/2026,Selasa,2,0,4,18,Berawan,1,Periode Gajian,es_teh_manis,Es Teh Manis,8000,70,560000
04/28/2026,Selasa,2,0,4,18,Berawan,1,Periode Gajian,mie_goreng,Mie Goreng Spesial,15000,37,555000
04/28/2026,Selasa,2,0,4,18,Berawan,1,Periode Gajian,sate_ayam,Sate Ayam,25000,27,675000
04/28/2026,Selasa,2,0,4,18,Berawan,1,Periode Gajian,bakso_sapi,Bakso Sapi,15000,50,750000
04/28/2026,Selasa,2,0,4,18,Berawan,1,Periode Gajian,soto_ayam,Soto Ayam,18000,42,756000
04/28/2026,Selasa,2,0,4,18,Berawan,1,Periode Gajian,es_jeruk,Es Jeruk,10000,59,590000
04/28/2026,Selasa,2,0,4,18,Berawan,1,Periode Gajian,gorengan,Gorengan,2000,168,336000
04/29/2026,Rabu,3,0,4,18,Berawan,1,Periode Gajian,ayam_geprek,Ayam Geprek,18000,55,990000
04/29/2026,Rabu,3,0,4,18,Berawan,1,Periode Gajian,nasi_goreng,Nasi Goreng,22000,45,990000
04/29/2026,Rabu,3,0,4,18,Berawan,1,Periode Gajian,kopi_susu,Kopi Susu,16000,57,912000
04/29/2026,Rabu,3,0,4,18,Berawan,1,Periode Gajian,es_teh_manis,Es Teh Manis,8000,75,600000
04/29/2026,Rabu,3,0,4,18,Berawan,1,Periode Gajian,mie_goreng,Mie Goreng Spesial,15000,36,540000
04/29/2026,Rabu,3,0,4,18,Berawan,1,Periode Gajian,sate_ayam,Sate Ayam,25000,25,625000
04/29/2026,Rabu,3,0,4,18,Berawan,1,Periode Gajian,bakso_sapi,Bakso Sapi,15000,43,645000
04/29/2026,Rabu,3,0,4,18,Berawan,1,Periode Gajian,soto_ayam,Soto Ayam,18000,39,702000
04/29/2026,Rabu,3,0,4,18,Berawan,1,Periode Gajian,es_jeruk,Es Jeruk,10000,68,680000
04/29/2026,Rabu,3,0,4,18,Berawan,1,Periode Gajian,gorengan,Gorengan,2000,155,310000
04/30/2026,Kamis,4,0,4,18,Cerah,1,Periode Gajian,ayam_geprek,Ayam Geprek,18000,57,1026000
04/30/2026,Kamis,4,0,4,18,Cerah,1,Periode Gajian,nasi_goreng,Nasi Goreng,22000,50,1100000
04/30/2026,Kamis,4,0,4,18,Cerah,1,Periode Gajian,kopi_susu,Kopi Susu,16000,62,992000
04/30/2026,Kamis,4,0,4,18,Cerah,1,Periode Gajian,es_teh_manis,Es Teh Manis,8000,99,792000
04/30/2026,Kamis,4,0,4,18,Cerah,1,Periode Gajian,mie_goreng,Mie Goreng Spesial,15000,39,585000
04/30/2026,Kamis,4,0,4,18,Cerah,1,Periode Gajian,sate_ayam,Sate Ayam,25000,28,700000
04/30/2026,Kamis,4,0,4,18,Cerah,1,Periode Gajian,bakso_sapi,Bakso Sapi,15000,42,630000
04/30/2026,Kamis,4,0,4,18,Cerah,1,Periode Gajian,soto_ayam,Soto Ayam,18000,38,684000
04/30/2026,Kamis,4,0,4,18,Cerah,1,Periode Gajian,es_jeruk,Es Jeruk,10000,71,710000
04/30/2026,Kamis,4,0,4,18,Cerah,1,Periode Gajian,gorengan,Gorengan,2000,147,294000
05/01/2026,Jumat,5,0,5,18,Cerah,1,Periode Gajian,ayam_geprek,Ayam Geprek,18000,53,954000
05/01/2026,Jumat,5,0,5,18,Cerah,1,Periode Gajian,nasi_goreng,Nasi Goreng,22000,48,1056000
05/01/2026,Jumat,5,0,5,18,Cerah,1,Periode Gajian,kopi_susu,Kopi Susu,16000,59,944000
05/01/2026,Jumat,5,0,5,18,Cerah,1,Periode Gajian,es_teh_manis,Es Teh Manis,8000,83,664000
05/01/2026,Jumat,5,0,5,18,Cerah,1,Periode Gajian,mie_goreng,Mie Goreng Spesial,15000,41,615000
05/01/2026,Jumat,5,0,5,18,Cerah,1,Periode Gajian,sate_ayam,Sate Ayam,25000,27,675000
05/01/2026,Jumat,5,0,5,18,Cerah,1,Periode Gajian,bakso_sapi,Bakso Sapi,15000,44,660000
05/01/2026,Jumat,5,0,5,18,Cerah,1,Periode Gajian,soto_ayam,Soto Ayam,18000,40,720000
05/01/2026,Jumat,5,0,5,18,Cerah,1,Periode Gajian,es_jeruk,Es Jeruk,10000,71,710000
05/01/2026,Jumat,5,0,5,18,Cerah,1,Periode Gajian,gorengan,Gorengan,2000,151,302000
05/02/2026,Sabtu,6,1,5,18,Hujan,1,Periode Gajian,ayam_geprek,Ayam Geprek,18000,60,1080000
05/02/2026,Sabtu,6,1,5,18,Hujan,1,Periode Gajian,nasi_goreng,Nasi Goreng,22000,54,1188000
05/02/2026,Sabtu,6,1,5,18,Hujan,1,Periode Gajian,kopi_susu,Kopi Susu,16000,61,976000
05/02/2026,Sabtu,6,1,5,18,Hujan,1,Periode Gajian,es_teh_manis,Es Teh Manis,8000,78,624000
05/02/2026,Sabtu,6,1,5,18,Hujan,1,Periode Gajian,mie_goreng,Mie Goreng Spesial,15000,43,645000
05/02/2026,Sabtu,6,1,5,18,Hujan,1,Periode Gajian,sate_ayam,Sate Ayam,25000,29,725000
05/02/2026,Sabtu,6,1,5,18,Hujan,1,Periode Gajian,bakso_sapi,Bakso Sapi,15000,57,855000
05/02/2026,Sabtu,6,1,5,18,Hujan,1,Periode Gajian,soto_ayam,Soto Ayam,18000,55,990000
05/02/2026,Sabtu,6,1,5,18,Hujan,1,Periode Gajian,es_jeruk,Es Jeruk,10000,62,620000
05/02/2026,Sabtu,6,1,5,18,Hujan,1,Periode Gajian,gorengan,Gorengan,2000,200,400000
05/03/2026,Minggu,7,1,5,18,Hujan,0,,ayam_geprek,Ayam Geprek,18000,48,864000
05/03/2026,Minggu,7,1,5,18,Hujan,0,,nasi_goreng,Nasi Goreng,22000,40,880000
05/03/2026,Minggu,7,1,5,18,Hujan,0,,kopi_susu,Kopi Susu,16000,43,688000
05/03/2026,Minggu,7,1,5,18,Hujan,0,,es_teh_manis,Es Teh Manis,8000,60,480000
05/03/2026,Minggu,7,1,5,18,Hujan,0,,mie_goreng,Mie Goreng Spesial,15000,33,495000
05/03/2026,Minggu,7,1,5,18,Hujan,0,,sate_ayam,Sate Ayam,25000,23,575000
05/03/2026,Minggu,7,1,5,18,Hujan,0,,bakso_sapi,Bakso Sapi,15000,51,765000
05/03/2026,Minggu,7,1,5,18,Hujan,0,,soto_ayam,Soto Ayam,18000,41,738000
05/03/2026,Minggu,7,1,5,18,Hujan,0,,es_jeruk,Es Jeruk,10000,48,480000
05/03/2026,Minggu,7,1,5,18,Hujan,0,,gorengan,Gorengan,2000,163,326000
